"filename", "language", "C#", "Razor", "CSS", "XML", "JavaScript", "JSON", "comment", "blank", "total"
"c:\Users\jarrh\source\repos\SugarGuard.Junior\SugarGuard.Web\App.razor", "Razor", 0, 51, 0, 0, 0, 0, 7, 13, 71
"c:\Users\jarrh\source\repos\SugarGuard.Junior\SugarGuard.Web\Components\Admin\UserRow.razor", "Razor", 0, 190, 0, 0, 0, 0, 0, 50, 240
"c:\Users\jarrh\source\repos\SugarGuard.Junior\SugarGuard.Web\Components\Auth\CodeInputComponent.razor", "Razor", 0, 447, 0, 0, 0, 0, 0, 79, 526
"c:\Users\jarrh\source\repos\SugarGuard.Junior\SugarGuard.Web\Components\Auth\NotAuthorized.razor", "Razor", 0, 264, 0, 0, 0, 0, 0, 44, 308
"c:\Users\jarrh\source\repos\SugarGuard.Junior\SugarGuard.Web\Components\Auth\PasswordStrengthIndicator.razor", "Razor", 0, 236, 0, 0, 0, 0, 0, 46, 282
"c:\Users\jarrh\source\repos\SugarGuard.Junior\SugarGuard.Web\Components\Auth\RedirectToLogin.razor", "Razor", 0, 93, 0, 0, 0, 0, 0, 17, 110
"c:\Users\jarrh\source\repos\SugarGuard.Junior\SugarGuard.Web\Components\Layout\AdminLayout.razor", "Razor", 0, 31, 0, 0, 0, 0, 0, 3, 34
"c:\Users\jarrh\source\repos\SugarGuard.Junior\SugarGuard.Web\Components\Layout\AdminNavMenu.razor", "Razor", 0, 27, 0, 0, 0, 0, 0, 4, 31
"c:\Users\jarrh\source\repos\SugarGuard.Junior\SugarGuard.Web\Components\Layout\DashboardLayout.razor", "Razor", 0, 718, 0, 0, 0, 0, 0, 104, 822
"c:\Users\jarrh\source\repos\SugarGuard.Junior\SugarGuard.Web\Components\Layout\EmptyLayout.razor", "Razor", 0, 5, 0, 0, 0, 0, 0, 1, 6
"c:\Users\jarrh\source\repos\SugarGuard.Junior\SugarGuard.Web\Components\Layout\MainLayout.razor", "Razor", 0, 443, 0, 0, 0, 0, 0, 48, 491
"c:\Users\jarrh\source\repos\SugarGuard.Junior\SugarGuard.Web\Components\Layout\MainLayout.razor.css", "CSS", 0, 0, 713, 0, 0, 0, 20, 105, 838
"c:\Users\jarrh\source\repos\SugarGuard.Junior\SugarGuard.Web\Components\Layout\NavMenu.razor", "Razor", 0, 269, 0, 0, 0, 0, 0, 29, 298
"c:\Users\jarrh\source\repos\SugarGuard.Junior\SugarGuard.Web\Components\Layout\NavMenu.razor.css", "CSS", 0, 0, 225, 0, 0, 0, 8, 36, 269
"c:\Users\jarrh\source\repos\SugarGuard.Junior\SugarGuard.Web\Components\Layout\ParentLayout.razor", "Razor", 0, 361, 0, 0, 0, 0, 0, 50, 411
"c:\Users\jarrh\source\repos\SugarGuard.Junior\SugarGuard.Web\Components\Pages\Admin\AdminExportLogs.razor", "Razor", 0, 229, 0, 0, 0, 0, 0, 27, 256
"c:\Users\jarrh\source\repos\SugarGuard.Junior\SugarGuard.Web\Components\Pages\Admin\AdminFaq.razor", "Razor", 0, 378, 0, 0, 0, 0, 0, 48, 426
"c:\Users\jarrh\source\repos\SugarGuard.Junior\SugarGuard.Web\Components\Pages\Admin\AdminRoles.razor", "Razor", 0, 186, 0, 0, 0, 0, 0, 29, 215
"c:\Users\jarrh\source\repos\SugarGuard.Junior\SugarGuard.Web\Components\Pages\Admin\AdminSyncLogs.razor", "Razor", 0, 279, 0, 0, 0, 0, 0, 29, 308
"c:\Users\jarrh\source\repos\SugarGuard.Junior\SugarGuard.Web\Components\Pages\Admin\AdminTokens.razor", "Razor", 0, 353, 0, 0, 0, 0, 0, 56, 409
"c:\Users\jarrh\source\repos\SugarGuard.Junior\SugarGuard.Web\Components\Pages\Admin\LinkManager.razor", "Razor", 0, 692, 0, 0, 0, 0, 0, 86, 778
"c:\Users\jarrh\source\repos\SugarGuard.Junior\SugarGuard.Web\Components\Pages\Admin\LinkManager.razor.css", "CSS", 0, 0, 343, 0, 0, 0, 9, 60, 412
"c:\Users\jarrh\source\repos\SugarGuard.Junior\SugarGuard.Web\Components\Pages\Admin\SystemStats.razor", "Razor", 0, 404, 0, 0, 0, 0, 0, 57, 461
"c:\Users\jarrh\source\repos\SugarGuard.Junior\SugarGuard.Web\Components\Pages\Admin\SystemStats.razor.css", "CSS", 0, 0, 333, 0, 0, 0, 10, 65, 408
"c:\Users\jarrh\source\repos\SugarGuard.Junior\SugarGuard.Web\Components\Pages\Doctor\CohortStats.razor", "Razor", 0, 837, 0, 0, 0, 0, 0, 130, 967
"c:\Users\jarrh\source\repos\SugarGuard.Junior\SugarGuard.Web\Components\Pages\Doctor\Dashboard.razor", "Razor", 0, 520, 0, 0, 0, 0, 0, 87, 607
"c:\Users\jarrh\source\repos\SugarGuard.Junior\SugarGuard.Web\Components\Pages\Doctor\NoteEditor.razor", "Razor", 0, 811, 0, 0, 0, 0, 0, 127, 938
"c:\Users\jarrh\source\repos\SugarGuard.Junior\SugarGuard.Web\Components\Pages\Error.razor", "Razor", 0, 29, 0, 0, 0, 0, 0, 8, 37
"c:\Users\jarrh\source\repos\SugarGuard.Junior\SugarGuard.Web\Components\Pages\Index.razor", "Razor", 0, 926, 0, 0, 0, 0, 0, 122, 1048
"c:\Users\jarrh\source\repos\SugarGuard.Junior\SugarGuard.Web\Components\Pages\Parent\ParentBackpack.razor", "Razor", 0, 10, 0, 0, 0, 0, 0, 2, 12
"c:\Users\jarrh\source\repos\SugarGuard.Junior\SugarGuard.Web\Components\Pages\Parent\ParentDoctor.razor", "Razor", 0, 10, 0, 0, 0, 0, 0, 2, 12
"c:\Users\jarrh\source\repos\SugarGuard.Junior\SugarGuard.Web\Components\Pages\Parent\ParentExport.razor", "Razor", 0, 10, 0, 0, 0, 0, 0, 2, 12
"c:\Users\jarrh\source\repos\SugarGuard.Junior\SugarGuard.Web\Components\Pages\Parent\ParentMeasurements.razor", "Razor", 0, 10, 0, 0, 0, 0, 0, 2, 12
"c:\Users\jarrh\source\repos\SugarGuard.Junior\SugarGuard.Web\Components\Pages\Parent\ParentNutrition.razor", "Razor", 0, 10, 0, 0, 0, 0, 0, 2, 12
"c:\Users\jarrh\source\repos\SugarGuard.Junior\SugarGuard.Web\Components\Pages\Parent\ParentSettings.razor", "Razor", 0, 10, 0, 0, 0, 0, 0, 2, 12
"c:\Users\jarrh\source\repos\SugarGuard.Junior\SugarGuard.Web\Components\Routes.razor", "Razor", 0, 22, 0, 0, 0, 0, 0, 1, 23
"c:\Users\jarrh\source\repos\SugarGuard.Junior\SugarGuard.Web\Components\Shared\AddNoteModal.razor", "Razor", 0, 385, 0, 0, 0, 0, 0, 55, 440
"c:\Users\jarrh\source\repos\SugarGuard.Junior\SugarGuard.Web\Components\Shared\AiRecommendationCard.razor", "Razor", 0, 517, 0, 0, 0, 0, 0, 88, 605
"c:\Users\jarrh\source\repos\SugarGuard.Junior\SugarGuard.Web\Components\Shared\AlertBanner.razor", "Razor", 0, 473, 0, 0, 0, 0, 0, 76, 549
"c:\Users\jarrh\source\repos\SugarGuard.Junior\SugarGuard.Web\Components\Shared\BreadcrumbItem.cs", "C#", 2, 0, 0, 0, 0, 0, 3, 2, 7
"c:\Users\jarrh\source\repos\SugarGuard.Junior\SugarGuard.Web\Components\Shared\ChildSelector.razor", "Razor", 0, 657, 0, 0, 0, 0, 0, 94, 751
"c:\Users\jarrh\source\repos\SugarGuard.Junior\SugarGuard.Web\Components\Shared\ConfirmationDialog.razor", "Razor", 0, 161, 0, 0, 0, 0, 0, 14, 175
"c:\Users\jarrh\source\repos\SugarGuard.Junior\SugarGuard.Web\Components\Shared\DataTable.razor", "Razor", 0, 307, 0, 0, 0, 0, 0, 55, 362
"c:\Users\jarrh\source\repos\SugarGuard.Junior\SugarGuard.Web\Components\Shared\DoctorNoteCard.razor", "Razor", 0, 202, 0, 0, 0, 0, 0, 31, 233
"c:\Users\jarrh\source\repos\SugarGuard.Junior\SugarGuard.Web\Components\Shared\EmptyState.razor", "Razor", 0, 311, 0, 0, 0, 0, 0, 61, 372
"c:\Users\jarrh\source\repos\SugarGuard.Junior\SugarGuard.Web\Components\Shared\GlucoseChart.razor", "Razor", 0, 301, 0, 0, 0, 0, 0, 59, 360
"c:\Users\jarrh\source\repos\SugarGuard.Junior\SugarGuard.Web\Components\Shared\GlucoseChart.razor.css", "CSS", 0, 0, 164, 0, 0, 0, 9, 28, 201
"c:\Users\jarrh\source\repos\SugarGuard.Junior\SugarGuard.Web\Components\Shared\GlucoseStatusBadge.razor", "Razor", 0, 203, 0, 0, 0, 0, 0, 38, 241
"c:\Users\jarrh\source\repos\SugarGuard.Junior\SugarGuard.Web\Components\Shared\InviteCodeModal.razor", "Razor", 0, 281, 0, 0, 0, 0, 0, 36, 317
"c:\Users\jarrh\source\repos\SugarGuard.Junior\SugarGuard.Web\Components\Shared\LoadingSkeleton.razor", "Razor", 0, 142, 0, 0, 0, 0, 0, 11, 153
"c:\Users\jarrh\source\repos\SugarGuard.Junior\SugarGuard.Web\Components\Shared\LoadingSkeleton.razor.css", "CSS", 0, 0, 111, 0, 0, 0, 10, 20, 141
"c:\Users\jarrh\source\repos\SugarGuard.Junior\SugarGuard.Web\Components\Shared\LoadingSpinner.razor", "Razor", 0, 174, 0, 0, 0, 0, 0, 32, 206
"c:\Users\jarrh\source\repos\SugarGuard.Junior\SugarGuard.Web\Components\Shared\MeasurementTable.razor", "Razor", 0, 611, 0, 0, 0, 0, 0, 100, 711
"c:\Users\jarrh\source\repos\SugarGuard.Junior\SugarGuard.Web\Components\Shared\ModalVariant.cs", "C#", 7, 0, 0, 0, 0, 0, 3, 2, 12
"c:\Users\jarrh\source\repos\SugarGuard.Junior\SugarGuard.Web\Components\Shared\NavItem.razor", "Razor", 0, 42, 0, 0, 0, 0, 0, 8, 50
"c:\Users\jarrh\source\repos\SugarGuard.Junior\SugarGuard.Web\Components\Shared\NavItem.razor.css", "CSS", 0, 0, 54, 0, 0, 0, 11, 10, 75
"c:\Users\jarrh\source\repos\SugarGuard.Junior\SugarGuard.Web\Components\Shared\PageHeader.razor", "Razor", 0, 144, 0, 0, 0, 0, 0, 36, 180
"c:\Users\jarrh\source\repos\SugarGuard.Junior\SugarGuard.Web\Components\Shared\PageHeader.razor.css", "CSS", 0, 0, 185, 0, 0, 0, 15, 29, 229
"c:\Users\jarrh\source\repos\SugarGuard.Junior\SugarGuard.Web\Components\Shared\PatientCard.razor", "Razor", 0, 470, 0, 0, 0, 0, 0, 78, 548
"c:\Users\jarrh\source\repos\SugarGuard.Junior\SugarGuard.Web\Components\Shared\PatientRow.razor", "Razor", 0, 237, 0, 0, 0, 0, 0, 24, 261
"c:\Users\jarrh\source\repos\SugarGuard.Junior\SugarGuard.Web\Components\Shared\RoleBadge.razor", "Razor", 0, 122, 0, 0, 0, 0, 0, 24, 146
"c:\Users\jarrh\source\repos\SugarGuard.Junior\SugarGuard.Web\Components\Shared\RoleBadge.razor.css", "CSS", 0, 0, 94, 0, 0, 0, 13, 16, 123
"c:\Users\jarrh\source\repos\SugarGuard.Junior\SugarGuard.Web\Components\Shared\SessionExpiredDialog.razor", "Razor", 0, 385, 0, 0, 0, 0, 0, 73, 458
"c:\Users\jarrh\source\repos\SugarGuard.Junior\SugarGuard.Web\Components\Shared\SkeletonVariant.cs", "C#", 12, 0, 0, 0, 0, 0, 3, 9, 24
"c:\Users\jarrh\source\repos\SugarGuard.Junior\SugarGuard.Web\Components\Shared\StatCard.razor", "Razor", 0, 414, 0, 0, 0, 0, 0, 55, 469
"c:\Users\jarrh\source\repos\SugarGuard.Junior\SugarGuard.Web\Components\Shared\StatusChip.razor", "Razor", 0, 42, 0, 0, 0, 0, 0, 8, 50
"c:\Users\jarrh\source\repos\SugarGuard.Junior\SugarGuard.Web\Components\Shared\SyncBanner.razor", "Razor", 0, 248, 0, 0, 0, 0, 0, 38, 286
"c:\Users\jarrh\source\repos\SugarGuard.Junior\SugarGuard.Web\Components\Shared\SyncBanner.razor.css", "CSS", 0, 0, 193, 0, 0, 0, 18, 34, 245
"c:\Users\jarrh\source\repos\SugarGuard.Junior\SugarGuard.Web\Components\Shared\ThemeToggle.razor", "Razor", 0, 262, 0, 0, 0, 0, 0, 44, 306
"c:\Users\jarrh\source\repos\SugarGuard.Junior\SugarGuard.Web\Components\Shared\TimelineItem.razor", "Razor", 0, 153, 0, 0, 0, 0, 0, 16, 169
"c:\Users\jarrh\source\repos\SugarGuard.Junior\SugarGuard.Web\Components\Shared\TirProgressBar.razor", "Razor", 0, 298, 0, 0, 0, 0, 0, 49, 347
"c:\Users\jarrh\source\repos\SugarGuard.Junior\SugarGuard.Web\Components\_Imports.razor", "Razor", 0, 31, 0, 0, 0, 0, 0, 7, 38
"c:\Users\jarrh\source\repos\SugarGuard.Junior\SugarGuard.Web\Models\Analytics\AnalyticsModels.cs", "C#", 51, 0, 0, 0, 0, 0, 15, 27, 93
"c:\Users\jarrh\source\repos\SugarGuard.Junior\SugarGuard.Web\Models\Auth\AuthModels.cs", "C#", 41, 0, 0, 0, 0, 0, 19, 19, 79
"c:\Users\jarrh\source\repos\SugarGuard.Junior\SugarGuard.Web\Models\Charts\GlucoseChartPayload.cs", "C#", 13, 0, 0, 0, 0, 0, 3, 10, 26
"c:\Users\jarrh\source\repos\SugarGuard.Junior\SugarGuard.Web\Models\Charts\GlucoseChartPoint.cs", "C#", 6, 0, 0, 0, 0, 0, 3, 2, 11
"c:\Users\jarrh\source\repos\SugarGuard.Junior\SugarGuard.Web\Models\Charts\GlucoseChartViewModel.cs", "C#", 14, 0, 0, 0, 0, 0, 3, 11, 28
"c:\Users\jarrh\source\repos\SugarGuard.Junior\SugarGuard.Web\Pages\Admin\AuditLog.razor", "Razor", 0, 1096, 0, 0, 0, 0, 0, 191, 1287
"c:\Users\jarrh\source\repos\SugarGuard.Junior\SugarGuard.Web\Pages\Admin\Dashboard.razor", "Razor", 0, 832, 0, 0, 0, 0, 0, 128, 960
"c:\Users\jarrh\source\repos\SugarGuard.Junior\SugarGuard.Web\Pages\Admin\DoctorRequests.razor", "Razor", 0, 925, 0, 0, 0, 0, 0, 165, 1090
"c:\Users\jarrh\source\repos\SugarGuard.Junior\SugarGuard.Web\Pages\Admin\Users.razor", "Razor", 0, 1075, 0, 0, 0, 0, 0, 185, 1260
"c:\Users\jarrh\source\repos\SugarGuard.Junior\SugarGuard.Web\Pages\Auth\ForgotPassword.razor", "Razor", 0, 1017, 0, 0, 0, 0, 0, 144, 1161
"c:\Users\jarrh\source\repos\SugarGuard.Junior\SugarGuard.Web\Pages\Auth\Login.razor", "Razor", 0, 448, 0, 0, 0, 0, 0, 54, 502
"c:\Users\jarrh\source\repos\SugarGuard.Junior\SugarGuard.Web\Pages\Auth\Onboarding.razor", "Razor", 0, 1224, 0, 0, 0, 0, 5, 158, 1387
"c:\Users\jarrh\source\repos\SugarGuard.Junior\SugarGuard.Web\Pages\Auth\Register.razor", "Razor", 0, 814, 0, 0, 0, 0, 0, 116, 930
"c:\Users\jarrh\source\repos\SugarGuard.Junior\SugarGuard.Web\Pages\Auth\ResetPassword.razor", "Razor", 0, 690, 0, 0, 0, 0, 8, 93, 791
"c:\Users\jarrh\source\repos\SugarGuard.Junior\SugarGuard.Web\Pages\Auth\Verify.razor", "Razor", 0, 774, 0, 0, 0, 0, 0, 113, 887
"c:\Users\jarrh\source\repos\SugarGuard.Junior\SugarGuard.Web\Pages\Doctor\Alerts.razor", "Razor", 0, 295, 0, 0, 0, 0, 0, 50, 345
"c:\Users\jarrh\source\repos\SugarGuard.Junior\SugarGuard.Web\Pages\Doctor\Notes.razor", "Razor", 0, 322, 0, 0, 0, 0, 0, 51, 373
"c:\Users\jarrh\source\repos\SugarGuard.Junior\SugarGuard.Web\Pages\Doctor\NotesIndex.razor", "Razor", 0, 195, 0, 0, 0, 0, 0, 29, 224
"c:\Users\jarrh\source\repos\SugarGuard.Junior\SugarGuard.Web\Pages\Doctor\NotesIndex.razor.css", "CSS", 0, 0, 176, 0, 0, 0, 0, 29, 205
"c:\Users\jarrh\source\repos\SugarGuard.Junior\SugarGuard.Web\Pages\Doctor\PatientDetail.razor", "Razor", 0, 533, 0, 0, 0, 0, 0, 79, 612
"c:\Users\jarrh\source\repos\SugarGuard.Junior\SugarGuard.Web\Pages\Doctor\PatientDetail.razor.css", "CSS", 0, 0, 469, 0, 0, 0, 0, 81, 550
"c:\Users\jarrh\source\repos\SugarGuard.Junior\SugarGuard.Web\Pages\Doctor\Patients.razor", "Razor", 0, 672, 0, 0, 0, 0, 0, 87, 759
"c:\Users\jarrh\source\repos\SugarGuard.Junior\SugarGuard.Web\Pages\Doctor\Patients.razor.css", "CSS", 0, 0, 704, 0, 0, 0, 0, 116, 820
"c:\Users\jarrh\source\repos\SugarGuard.Junior\SugarGuard.Web\Pages\Doctor\Profile.razor", "Razor", 0, 211, 0, 0, 0, 0, 0, 30, 241
"c:\Users\jarrh\source\repos\SugarGuard.Junior\SugarGuard.Web\Pages\Doctor\Reports.razor", "Razor", 0, 363, 0, 0, 0, 0, 0, 56, 419
"c:\Users\jarrh\source\repos\SugarGuard.Junior\SugarGuard.Web\Pages\Parent\Analytics.razor", "Razor", 0, 580, 0, 0, 0, 0, 0, 69, 649
"c:\Users\jarrh\source\repos\SugarGuard.Junior\SugarGuard.Web\Pages\Parent\Dashboard.razor", "Razor", 0, 1940, 0, 0, 0, 0, 0, 189, 2129
"c:\Users\jarrh\source\repos\SugarGuard.Junior\SugarGuard.Web\Pages\Parent\Dashboard.razor.css", "CSS", 0, 0, 1108, 0, 0, 0, 32, 200, 1340
"c:\Users\jarrh\source\repos\SugarGuard.Junior\SugarGuard.Web\Pages\Parent\LinkChild.razor", "Razor", 0, 237, 0, 0, 0, 0, 0, 36, 273
"c:\Users\jarrh\source\repos\SugarGuard.Junior\SugarGuard.Web\Pages\Parent\Links.razor", "Razor", 0, 1155, 0, 0, 0, 0, 0, 153, 1308
"c:\Users\jarrh\source\repos\SugarGuard.Junior\SugarGuard.Web\Pages\Parent\SyncConflicts.razor", "Razor", 0, 529, 0, 0, 0, 0, 6, 46, 581
"c:\Users\jarrh\source\repos\SugarGuard.Junior\SugarGuard.Web\Pages\Parent\SyncConflicts.razor.css", "CSS", 0, 0, 410, 0, 0, 0, 0, 73, 483
"c:\Users\jarrh\source\repos\SugarGuard.Junior\SugarGuard.Web\Pages\Parent\Timeline.razor", "Razor", 0, 957, 0, 0, 0, 0, 11, 120, 1088
"c:\Users\jarrh\source\repos\SugarGuard.Junior\SugarGuard.Web\Pages\Parent\Timeline.razor.css", "CSS", 0, 0, 773, 0, 0, 0, 20, 156, 949
"c:\Users\jarrh\source\repos\SugarGuard.Junior\SugarGuard.Web\Program.cs", "C#", 118, 0, 0, 0, 0, 0, 60, 42, 220
"c:\Users\jarrh\source\repos\SugarGuard.Junior\SugarGuard.Web\Properties\launchSettings.json", "JSON", 0, 0, 0, 0, 0, 23, 0, 1, 24
"c:\Users\jarrh\source\repos\SugarGuard.Junior\SugarGuard.Web\Resources\Strings.cs", "C#", 2, 0, 0, 0, 0, 0, 0, 2, 4
"c:\Users\jarrh\source\repos\SugarGuard.Junior\SugarGuard.Web\Security\PassThroughAuthenticationHandler.cs", "C#", 40, 0, 0, 0, 0, 0, 0, 10, 50
"c:\Users\jarrh\source\repos\SugarGuard.Junior\SugarGuard.Web\Services\AdminLinkDtos.cs", "C#", 13, 0, 0, 0, 0, 0, 6, 7, 26
"c:\Users\jarrh\source\repos\SugarGuard.Junior\SugarGuard.Web\Services\ApiErrorResponse.cs", "C#", 7, 0, 0, 0, 0, 0, 3, 2, 12
"c:\Users\jarrh\source\repos\SugarGuard.Junior\SugarGuard.Web\Services\AuthApiClient.cs", "C#", 470, 0, 0, 0, 0, 0, 43, 70, 583
"c:\Users\jarrh\source\repos\SugarGuard.Junior\SugarGuard.Web\Services\CurrentUserService.cs", "C#", 144, 0, 0, 0, 0, 0, 24, 38, 206
"c:\Users\jarrh\source\repos\SugarGuard.Junior\SugarGuard.Web\Services\IAuthApiClient.cs", "C#", 38, 0, 0, 0, 0, 0, 51, 18, 107
"c:\Users\jarrh\source\repos\SugarGuard.Junior\SugarGuard.Web\Services\ICurrentUserService.cs", "C#", 22, 0, 0, 0, 0, 0, 6, 14, 42
"c:\Users\jarrh\source\repos\SugarGuard.Junior\SugarGuard.Web\Services\ITokenStore.cs", "C#", 10, 0, 0, 0, 0, 0, 0, 6, 16
"c:\Users\jarrh\source\repos\SugarGuard.Junior\SugarGuard.Web\Services\JwtAuthStateProvider.cs", "C#", 274, 0, 0, 0, 0, 0, 48, 44, 366
"c:\Users\jarrh\source\repos\SugarGuard.Junior\SugarGuard.Web\Services\JwtAuthorizationHandler.cs", "C#", 28, 0, 0, 0, 0, 0, 0, 7, 35
"c:\Users\jarrh\source\repos\SugarGuard.Junior\SugarGuard.Web\Services\LocalStorageTokenStore.cs", "C#", 78, 0, 0, 0, 0, 0, 9, 10, 97
"c:\Users\jarrh\source\repos\SugarGuard.Junior\SugarGuard.Web\Services\ResetPasswordResult.cs", "C#", 10, 0, 0, 0, 0, 0, 3, 5, 18
"c:\Users\jarrh\source\repos\SugarGuard.Junior\SugarGuard.Web\Services\SugarGuardApiService.Compat.cs", "C#", 42, 0, 0, 0, 0, 0, 6, 6, 54
"c:\Users\jarrh\source\repos\SugarGuard.Junior\SugarGuard.Web\Services\SugarGuardApiService.Models.cs", "C#", 274, 0, 0, 0, 0, 0, 57, 32, 363
"c:\Users\jarrh\source\repos\SugarGuard.Junior\SugarGuard.Web\Services\SugarGuardApiService.cs", "C#", 1693, 0, 0, 0, 0, 0, 272, 190, 2155
"c:\Users\jarrh\source\repos\SugarGuard.Junior\SugarGuard.Web\Shared\BackpackItemCard.razor", "Razor", 0, 678, 0, 0, 0, 0, 0, 106, 784
"c:\Users\jarrh\source\repos\SugarGuard.Junior\SugarGuard.Web\Shared\BannerKind.cs", "C#", 11, 0, 0, 0, 0, 0, 3, 8, 22
"c:\Users\jarrh\source\repos\SugarGuard.Junior\SugarGuard.Web\Shared\EmptyStateSize.cs", "C#", 7, 0, 0, 0, 0, 0, 3, 2, 12
"c:\Users\jarrh\source\repos\SugarGuard.Junior\SugarGuard.Web\Shared\EventTimeline.razor", "Razor", 0, 203, 0, 0, 0, 0, 0, 32, 235
"c:\Users\jarrh\source\repos\SugarGuard.Junior\SugarGuard.Web\Shared\SectionHeader.razor", "Razor", 0, 25, 0, 0, 0, 0, 0, 6, 31
"c:\Users\jarrh\source\repos\SugarGuard.Junior\SugarGuard.Web\Shared\StateBanner.razor", "Razor", 0, 262, 0, 0, 0, 0, 0, 40, 302
"c:\Users\jarrh\source\repos\SugarGuard.Junior\SugarGuard.Web\Shared\StateBanner.razor.css", "CSS", 0, 0, 219, 0, 0, 0, 20, 41, 280
"c:\Users\jarrh\source\repos\SugarGuard.Junior\SugarGuard.Web\SugarGuard.Web.csproj", "XML", 0, 0, 0, 21, 0, 0, 0, 7, 28
"c:\Users\jarrh\source\repos\SugarGuard.Junior\SugarGuard.Web\Utilities\SafeRedirect.cs", "C#", 24, 0, 0, 0, 0, 0, 13, 10, 47
"c:\Users\jarrh\source\repos\SugarGuard.Junior\SugarGuard.Web\ViewModels\AdminHealthVm.cs", "C#", 15, 0, 0, 0, 0, 0, 6, 4, 25
"c:\Users\jarrh\source\repos\SugarGuard.Junior\SugarGuard.Web\ViewModels\AdminSystemStatsVm.cs", "C#", 26, 0, 0, 0, 0, 0, 17, 12, 55
"c:\Users\jarrh\source\repos\SugarGuard.Junior\SugarGuard.Web\ViewModels\AdminUserVm.cs", "C#", 20, 0, 0, 0, 0, 0, 4, 4, 28
"c:\Users\jarrh\source\repos\SugarGuard.Junior\SugarGuard.Web\ViewModels\AnalyticsVm.cs", "C#", 10, 0, 0, 0, 0, 0, 18, 7, 35
"c:\Users\jarrh\source\repos\SugarGuard.Junior\SugarGuard.Web\ViewModels\AuditLogVm.cs", "C#", 11, 0, 0, 0, 0, 0, 24, 8, 43
"c:\Users\jarrh\source\repos\SugarGuard.Junior\SugarGuard.Web\ViewModels\BackpackItemVm.cs", "C#", 10, 0, 0, 0, 0, 0, 40, 8, 58
"c:\Users\jarrh\source\repos\SugarGuard.Junior\SugarGuard.Web\ViewModels\DoctorCohortSummaryVm.cs", "C#", 7, 0, 0, 0, 0, 0, 2, 2, 11
"c:\Users\jarrh\source\repos\SugarGuard.Junior\SugarGuard.Web\ViewModels\DoctorNoteVm.cs", "C#", 13, 0, 0, 0, 0, 0, 2, 2, 17
"c:\Users\jarrh\source\repos\SugarGuard.Junior\SugarGuard.Web\ViewModels\InviteCodeVm.cs", "C#", 13, 0, 0, 0, 0, 0, 5, 3, 21
"c:\Users\jarrh\source\repos\SugarGuard.Junior\SugarGuard.Web\ViewModels\LinkedAccessUserVm.cs", "C#", 15, 0, 0, 0, 0, 0, 10, 4, 29
"c:\Users\jarrh\source\repos\SugarGuard.Junior\SugarGuard.Web\ViewModels\MeasurementVm.cs", "C#", 14, 0, 0, 0, 0, 0, 5, 2, 21
"c:\Users\jarrh\source\repos\SugarGuard.Junior\SugarGuard.Web\ViewModels\ParentDashboardVm.cs", "C#", 15, 0, 0, 0, 0, 0, 28, 9, 52
"c:\Users\jarrh\source\repos\SugarGuard.Junior\SugarGuard.Web\ViewModels\PatientListVm.cs", "C#", 11, 0, 0, 0, 0, 0, 21, 8, 40
"c:\Users\jarrh\source\repos\SugarGuard.Junior\SugarGuard.Web\ViewModels\SyncConflictVm.cs", "C#", 11, 0, 0, 0, 0, 0, 24, 8, 43
"c:\Users\jarrh\source\repos\SugarGuard.Junior\SugarGuard.Web\ViewModels\SyncLogVm.cs", "C#", 12, 0, 0, 0, 0, 0, 1, 2, 15
"c:\Users\jarrh\source\repos\SugarGuard.Junior\SugarGuard.Web\ViewModels\SystemStatsVm.cs", "C#", 13, 0, 0, 0, 0, 0, 7, 3, 23
"c:\Users\jarrh\source\repos\SugarGuard.Junior\SugarGuard.Web\ViewModels\TimelineItemVm.cs", "C#", 15, 0, 0, 0, 0, 0, 36, 11, 62
"c:\Users\jarrh\source\repos\SugarGuard.Junior\SugarGuard.Web\ViewModels\UserNotificationItem.cs", "C#", 14, 0, 0, 0, 0, 0, 0, 3, 17
"c:\Users\jarrh\source\repos\SugarGuard.Junior\SugarGuard.Web\ViewModels\UserPreferencesVm.cs", "C#", 7, 0, 0, 0, 0, 0, 0, 2, 9
"c:\Users\jarrh\source\repos\SugarGuard.Junior\SugarGuard.Web\_Imports.razor", "Razor", 0, 18, 0, 0, 0, 0, 0, 1, 19
"c:\Users\jarrh\source\repos\SugarGuard.Junior\SugarGuard.Web\wwwroot\css\add-note-modal.css", "CSS", 0, 0, 365, 0, 0, 0, 40, 70, 475
"c:\Users\jarrh\source\repos\SugarGuard.Junior\SugarGuard.Web\wwwroot\css\admin-dashboard.css", "CSS", 0, 0, 499, 0, 0, 0, 60, 107, 666
"c:\Users\jarrh\source\repos\SugarGuard.Junior\SugarGuard.Web\wwwroot\css\app.css", "CSS", 0, 0, 931, 0, 0, 0, 97, 176, 1204
"c:\Users\jarrh\source\repos\SugarGuard.Junior\SugarGuard.Web\wwwroot\css\base.css", "CSS", 0, 0, 1164, 0, 0, 0, 242, 294, 1700
"c:\Users\jarrh\source\repos\SugarGuard.Junior\SugarGuard.Web\wwwroot\css\components.css", "CSS", 0, 0, 1188, 0, 0, 0, 111, 254, 1553
"c:\Users\jarrh\source\repos\SugarGuard.Junior\SugarGuard.Web\wwwroot\css\layout.css", "CSS", 0, 0, 987, 0, 0, 0, 89, 186, 1262
"c:\Users\jarrh\source\repos\SugarGuard.Junior\SugarGuard.Web\wwwroot\css\patient-row.css", "CSS", 0, 0, 228, 0, 0, 0, 27, 53, 308
"c:\Users\jarrh\source\repos\SugarGuard.Junior\SugarGuard.Web\wwwroot\css\sg-tokens.css", "CSS", 0, 0, 161, 0, 0, 0, 258, 30, 449
"c:\Users\jarrh\source\repos\SugarGuard.Junior\SugarGuard.Web\wwwroot\css\variables.css", "CSS", 0, 0, 236, 0, 0, 0, 141, 27, 404
"c:\Users\jarrh\source\repos\SugarGuard.Junior\SugarGuard.Web\wwwroot\js\glucose-chart.js", "JavaScript", 0, 0, 0, 0, 757, 0, 334, 108, 1199
"c:\Users\jarrh\source\repos\SugarGuard.Junior\SugarGuard.Web\wwwroot\js\interop.js", "JavaScript", 0, 0, 0, 0, 24, 0, 13, 6, 43
"c:\Users\jarrh\source\repos\SugarGuard.Junior\SugarGuard.Web\wwwroot\js\service-worker.js", "JavaScript", 0, 0, 0, 0, 36, 0, 2, 9, 47
"c:\Users\jarrh\source\repos\SugarGuard.Junior\SugarGuard.Web\wwwroot\js\theme.js", "JavaScript", 0, 0, 0, 0, 97, 0, 39, 26, 162
"c:\Users\jarrh\source\repos\SugarGuard.Junior\SugarGuard.Web\wwwroot\js\tokenStore.js", "JavaScript", 0, 0, 0, 0, 32, 0, 3, 2, 37
"c:\Users\jarrh\source\repos\SugarGuard.Junior\SugarGuard.Web\wwwroot\lib\bootstrap\dist\css\bootstrap-grid.css", "CSS", 0, 0, 3886, 0, 0, 0, 6, 193, 4085
"c:\Users\jarrh\source\repos\SugarGuard.Junior\SugarGuard.Web\wwwroot\lib\bootstrap\dist\css\bootstrap-grid.min.css", "CSS", 0, 0, 1, 0, 0, 0, 5, 0, 6
"c:\Users\jarrh\source\repos\SugarGuard.Junior\SugarGuard.Web\wwwroot\lib\bootstrap\dist\css\bootstrap-grid.rtl.css", "CSS", 0, 0, 3886, 0, 0, 0, 6, 192, 4084
"c:\Users\jarrh\source\repos\SugarGuard.Junior\SugarGuard.Web\wwwroot\lib\bootstrap\dist\css\bootstrap-grid.rtl.min.css", "CSS", 0, 0, 1, 0, 0, 0, 5, 0, 6
"c:\Users\jarrh\source\repos\SugarGuard.Junior\SugarGuard.Web\wwwroot\lib\bootstrap\dist\css\bootstrap-reboot.css", "CSS", 0, 0, 518, 0, 0, 0, 14, 65, 597
"c:\Users\jarrh\source\repos\SugarGuard.Junior\SugarGuard.Web\wwwroot\lib\bootstrap\dist\css\bootstrap-reboot.min.css", "CSS", 0, 0, 1, 0, 0, 0, 5, 0, 6
"c:\Users\jarrh\source\repos\SugarGuard.Junior\SugarGuard.Web\wwwroot\lib\bootstrap\dist\css\bootstrap-reboot.rtl.css", "CSS", 0, 0, 524, 0, 0, 0, 6, 64, 594
"c:\Users\jarrh\source\repos\SugarGuard.Junior\SugarGuard.Web\wwwroot\lib\bootstrap\dist\css\bootstrap-reboot.rtl.min.css", "CSS", 0, 0, 1, 0, 0, 0, 5, 0, 6
"c:\Users\jarrh\source\repos\SugarGuard.Junior\SugarGuard.Web\wwwroot\lib\bootstrap\dist\css\bootstrap-utilities.css", "CSS", 0, 0, 4891, 0, 0, 0, 8, 503, 5402
"c:\Users\jarrh\source\repos\SugarGuard.Junior\SugarGuard.Web\wwwroot\lib\bootstrap\dist\css\bootstrap-utilities.min.css", "CSS", 0, 0, 1, 0, 0, 0, 5, 0, 6
"c:\Users\jarrh\source\repos\SugarGuard.Junior\SugarGuard.Web\wwwroot\lib\bootstrap\dist\css\bootstrap-utilities.rtl.css", "CSS", 0, 0, 4887, 0, 0, 0, 6, 500, 5393
"c:\Users\jarrh\source\repos\SugarGuard.Junior\SugarGuard.Web\wwwroot\lib\bootstrap\dist\css\bootstrap-utilities.rtl.min.css", "CSS", 0, 0, 1, 0, 0, 0, 5, 0, 6
"c:\Users\jarrh\source\repos\SugarGuard.Junior\SugarGuard.Web\wwwroot\lib\bootstrap\dist\css\bootstrap.css", "CSS", 0, 0, 11136, 0, 0, 0, 24, 897, 12057
"c:\Users\jarrh\source\repos\SugarGuard.Junior\SugarGuard.Web\wwwroot\lib\bootstrap\dist\css\bootstrap.min.css", "CSS", 0, 0, 2, 0, 0, 0, 4, 0, 6
"c:\Users\jarrh\source\repos\SugarGuard.Junior\SugarGuard.Web\wwwroot\lib\bootstrap\dist\css\bootstrap.rtl.css", "CSS", 0, 0, 11138, 0, 0, 0, 6, 886, 12030
"c:\Users\jarrh\source\repos\SugarGuard.Junior\SugarGuard.Web\wwwroot\lib\bootstrap\dist\css\bootstrap.rtl.min.css", "CSS", 0, 0, 2, 0, 0, 0, 4, 0, 6
"c:\Users\jarrh\source\repos\SugarGuard.Junior\SugarGuard.Web\wwwroot\lib\bootstrap\dist\js\bootstrap.bundle.js", "JavaScript", 0, 0, 0, 0, 5064, 0, 655, 596, 6315
"c:\Users\jarrh\source\repos\SugarGuard.Junior\SugarGuard.Web\wwwroot\lib\bootstrap\dist\js\bootstrap.bundle.min.js", "JavaScript", 0, 0, 0, 0, 1, 0, 6, 0, 7
"c:\Users\jarrh\source\repos\SugarGuard.Junior\SugarGuard.Web\wwwroot\lib\bootstrap\dist\js\bootstrap.esm.js", "JavaScript", 0, 0, 0, 0, 3568, 0, 578, 302, 4448
"c:\Users\jarrh\source\repos\SugarGuard.Junior\SugarGuard.Web\wwwroot\lib\bootstrap\dist\js\bootstrap.esm.min.js", "JavaScript", 0, 0, 0, 0, 1, 0, 6, 0, 7
"c:\Users\jarrh\source\repos\SugarGuard.Junior\SugarGuard.Web\wwwroot\lib\bootstrap\dist\js\bootstrap.js", "JavaScript", 0, 0, 0, 0, 3604, 0, 584, 307, 4495
"c:\Users\jarrh\source\repos\SugarGuard.Junior\SugarGuard.Web\wwwroot\lib\bootstrap\dist\js\bootstrap.min.js", "JavaScript", 0, 0, 0, 0, 1, 0, 6, 0, 7
"Total", "-", 3703, 34504, 52909, 21, 13185, 23, 4546, 12711, 121602