"filename", "language", "XML", "JSON", "C#", "Razor", "CSS", "JavaScript", "comment", "blank", "total"
"c:\Users\jarrh\source\repos\SugarGuard.Junior\SugarGuard.Junior\App.xaml", "XML", 41, 0, 0, 0, 0, 0, 44, 19, 104
"c:\Users\jarrh\source\repos\SugarGuard.Junior\SugarGuard.Junior\App.xaml.cs", "C#", 0, 0, 478, 0, 0, 0, 64, 100, 642
"c:\Users\jarrh\source\repos\SugarGuard.Junior\SugarGuard.Junior\AppShell.xaml", "XML", 50, 0, 0, 0, 0, 0, 0, 6, 56
"c:\Users\jarrh\source\repos\SugarGuard.Junior\SugarGuard.Junior\AppShell.xaml.cs", "C#", 0, 0, 33, 0, 0, 0, 8, 8, 49
"c:\Users\jarrh\source\repos\SugarGuard.Junior\SugarGuard.Junior\Converters\BoolConverters.cs", "C#", 0, 0, 103, 0, 0, 0, 25, 17, 145
"c:\Users\jarrh\source\repos\SugarGuard.Junior\SugarGuard.Junior\Converters\DiabetesTypeConverter.cs", "C#", 0, 0, 36, 0, 0, 0, 4, 3, 43
"c:\Users\jarrh\source\repos\SugarGuard.Junior\SugarGuard.Junior\Converters\GlucoseUiStateConverters.cs", "C#", 0, 0, 39, 0, 0, 0, 2, 6, 47
"c:\Users\jarrh\source\repos\SugarGuard.Junior\SugarGuard.Junior\Converters\PendingSyncToBoolConverter.cs", "C#", 0, 0, 16, 0, 0, 0, 3, 4, 23
"c:\Users\jarrh\source\repos\SugarGuard.Junior\SugarGuard.Junior\Converters\ScalePresetToBoolConverter.cs", "C#", 0, 0, 25, 0, 0, 0, 4, 6, 35
"c:\Users\jarrh\source\repos\SugarGuard.Junior\SugarGuard.Junior\Converters\ScheduleConverters.cs", "C#", 0, 0, 94, 0, 0, 0, 26, 13, 133
"c:\Users\jarrh\source\repos\SugarGuard.Junior\SugarGuard.Junior\Converters\StatusToColorConverter.cs", "C#", 0, 0, 42, 0, 0, 0, 62, 14, 118
"c:\Users\jarrh\source\repos\SugarGuard.Junior\SugarGuard.Junior\Database\AppDbContext.cs", "C#", 0, 0, 499, 0, 0, 0, 167, 187, 853
"c:\Users\jarrh\source\repos\SugarGuard.Junior\SugarGuard.Junior\Database\AppDbContextDesignTimeFactory.cs", "C#", 0, 0, 15, 0, 0, 0, 20, 5, 40
"c:\Users\jarrh\source\repos\SugarGuard.Junior\SugarGuard.Junior\Database\DbInitializer.cs", "C#", 0, 0, 56, 0, 0, 0, 17, 9, 82
"c:\Users\jarrh\source\repos\SugarGuard.Junior\SugarGuard.Junior\Extensions\ServiceCollectionExtensions.cs", "C#", 0, 0, 119, 0, 0, 0, 33, 23, 175
"c:\Users\jarrh\source\repos\SugarGuard.Junior\SugarGuard.Junior\GlobalXmlns.cs", "C#", 0, 0, 2, 0, 0, 0, 0, 1, 3
"c:\Users\jarrh\source\repos\SugarGuard.Junior\SugarGuard.Junior\Infrastructure\Handlers\JwtAuthorizationHandler.cs", "C#", 0, 0, 26, 0, 0, 0, 4, 7, 37
"c:\Users\jarrh\source\repos\SugarGuard.Junior\SugarGuard.Junior\MauiProgram.cs", "C#", 0, 0, 50, 0, 0, 0, 6, 13, 69
"c:\Users\jarrh\source\repos\SugarGuard.Junior\SugarGuard.Junior\Migrations\20251204120000_AddEncryptedPHIFields.cs", "C#", 0, 0, 83, 0, 0, 0, 11, 18, 112
"c:\Users\jarrh\source\repos\SugarGuard.Junior\SugarGuard.Junior\Migrations\20251204130000_AddSyncConflictHistoryFields.cs", "C#", 0, 0, 37, 0, 0, 0, 9, 8, 54
"c:\Users\jarrh\source\repos\SugarGuard.Junior\SugarGuard.Junior\Migrations\20251204140000_AddEncryptedNotesField.cs", "C#", 0, 0, 20, 0, 0, 0, 10, 5, 35
"c:\Users\jarrh\source\repos\SugarGuard.Junior\SugarGuard.Junior\Migrations\20260603000000_AddEncryptionVersion.cs", "C#", 0, 0, 156, 0, 0, 0, 34, 28, 218
"c:\Users\jarrh\source\repos\SugarGuard.Junior\SugarGuard.Junior\Models\Api\ApiRequests.cs", "C#", 0, 0, 147, 0, 0, 0, 260, 70, 477
"c:\Users\jarrh\source\repos\SugarGuard.Junior\SugarGuard.Junior\Models\Api\ApiResponses.cs", "C#", 0, 0, 130, 0, 0, 0, 292, 87, 509
"c:\Users\jarrh\source\repos\SugarGuard.Junior\SugarGuard.Junior\Models\Api\MissedMeasurementNotificationRequest.cs", "C#", 0, 0, 9, 0, 0, 0, 19, 5, 33
"c:\Users\jarrh\source\repos\SugarGuard.Junior\SugarGuard.Junior\Models\Core\ChartDataPoint.cs", "C#", 0, 0, 3, 0, 0, 0, 3, 3, 9
"c:\Users\jarrh\source\repos\SugarGuard.Junior\SugarGuard.Junior\Models\Core\Child.cs", "C#", 0, 0, 43, 0, 0, 0, 71, 24, 138
"c:\Users\jarrh\source\repos\SugarGuard.Junior\SugarGuard.Junior\Models\Core\DiabetesSettings.cs", "C#", 0, 0, 14, 0, 0, 0, 36, 11, 61
"c:\Users\jarrh\source\repos\SugarGuard.Junior\SugarGuard.Junior\Models\Core\Measurement.cs", "C#", 0, 0, 32, 0, 0, 0, 40, 14, 86
"c:\Users\jarrh\source\repos\SugarGuard.Junior\SugarGuard.Junior\Models\Core\MeasurementSchedule.cs", "C#", 0, 0, 21, 0, 0, 0, 31, 10, 62
"c:\Users\jarrh\source\repos\SugarGuard.Junior\SugarGuard.Junior\Models\Core\User.cs", "C#", 0, 0, 20, 0, 0, 0, 49, 16, 85
"c:\Users\jarrh\source\repos\SugarGuard.Junior\SugarGuard.Junior\Models\Enums\ChildState.cs", "C#", 0, 0, 14, 0, 0, 0, 32, 11, 57
"c:\Users\jarrh\source\repos\SugarGuard.Junior\SugarGuard.Junior\Models\Enums\DataSource.cs", "C#", 0, 0, 8, 0, 0, 0, 13, 5, 26
"c:\Users\jarrh\source\repos\SugarGuard.Junior\SugarGuard.Junior\Models\Enums\DiabetesType.cs", "C#", 0, 0, 8, 0, 0, 0, 15, 5, 28
"c:\Users\jarrh\source\repos\SugarGuard.Junior\SugarGuard.Junior\Models\Enums\GlucoseStatus.cs", "C#", 0, 0, 9, 0, 0, 0, 22, 6, 37
"c:\Users\jarrh\source\repos\SugarGuard.Junior\SugarGuard.Junior\Models\Enums\ScalePreset.cs", "C#", 0, 0, 7, 0, 0, 0, 12, 4, 23
"c:\Users\jarrh\source\repos\SugarGuard.Junior\SugarGuard.Junior\Platforms\Android\AndroidManifest.xml", "XML", 12, 0, 0, 0, 0, 0, 4, 0, 16
"c:\Users\jarrh\source\repos\SugarGuard.Junior\SugarGuard.Junior\Platforms\Android\MainActivity.cs", "C#", 0, 0, 10, 0, 0, 0, 0, 2, 12
"c:\Users\jarrh\source\repos\SugarGuard.Junior\SugarGuard.Junior\Platforms\Android\MainApplication.cs", "C#", 0, 0, 14, 0, 0, 0, 0, 3, 17
"c:\Users\jarrh\source\repos\SugarGuard.Junior\SugarGuard.Junior\Platforms\Android\Resources\values\colors.xml", "XML", 6, 0, 0, 0, 0, 0, 0, 0, 6
"c:\Users\jarrh\source\repos\SugarGuard.Junior\SugarGuard.Junior\Platforms\MacCatalyst\AppDelegate.cs", "C#", 0, 0, 9, 0, 0, 0, 0, 2, 11
"c:\Users\jarrh\source\repos\SugarGuard.Junior\SugarGuard.Junior\Platforms\MacCatalyst\Program.cs", "C#", 0, 0, 12, 0, 0, 0, 3, 2, 17
"c:\Users\jarrh\source\repos\SugarGuard.Junior\SugarGuard.Junior\Platforms\Tizen\Main.cs", "C#", 0, 0, 15, 0, 0, 0, 0, 3, 18
"c:\Users\jarrh\source\repos\SugarGuard.Junior\SugarGuard.Junior\Platforms\Tizen\tizen-manifest.xml", "XML", 15, 0, 0, 0, 0, 0, 0, 0, 15
"c:\Users\jarrh\source\repos\SugarGuard.Junior\SugarGuard.Junior\Platforms\Windows\App.xaml", "XML", 7, 0, 0, 0, 0, 0, 0, 2, 9
"c:\Users\jarrh\source\repos\SugarGuard.Junior\SugarGuard.Junior\Platforms\Windows\App.xaml.cs", "C#", 0, 0, 12, 0, 0, 0, 9, 5, 26
"c:\Users\jarrh\source\repos\SugarGuard.Junior\SugarGuard.Junior\Platforms\iOS\AppDelegate.cs", "C#", 0, 0, 9, 0, 0, 0, 0, 2, 11
"c:\Users\jarrh\source\repos\SugarGuard.Junior\SugarGuard.Junior\Platforms\iOS\Program.cs", "C#", 0, 0, 12, 0, 0, 0, 3, 2, 17
"c:\Users\jarrh\source\repos\SugarGuard.Junior\SugarGuard.Junior\Properties\launchSettings.json", "JSON", 0, 8, 0, 0, 0, 0, 0, 0, 8
"c:\Users\jarrh\source\repos\SugarGuard.Junior\SugarGuard.Junior\Repositories\Implementations\BackpackRepository.cs", "C#", 0, 0, 369, 0, 0, 0, 48, 53, 470
"c:\Users\jarrh\source\repos\SugarGuard.Junior\SugarGuard.Junior\Repositories\Implementations\BaseRepository.cs", "C#", 0, 0, 163, 0, 0, 0, 34, 14, 211
"c:\Users\jarrh\source\repos\SugarGuard.Junior\SugarGuard.Junior\Repositories\Implementations\ChildRepository.cs", "C#", 0, 0, 234, 0, 0, 0, 39, 34, 307
"c:\Users\jarrh\source\repos\SugarGuard.Junior\SugarGuard.Junior\Repositories\Implementations\DiabetesSettingsRepository.cs", "C#", 0, 0, 221, 0, 0, 0, 36, 22, 279
"c:\Users\jarrh\source\repos\SugarGuard.Junior\SugarGuard.Junior\Repositories\Implementations\MeasurementRepository.cs", "C#", 0, 0, 523, 0, 0, 0, 108, 75, 706
"c:\Users\jarrh\source\repos\SugarGuard.Junior\SugarGuard.Junior\Repositories\Implementations\UserRepository.cs", "C#", 0, 0, 160, 0, 0, 0, 37, 22, 219
"c:\Users\jarrh\source\repos\SugarGuard.Junior\SugarGuard.Junior\Repositories\Interfaces\IBackpackRepository.cs", "C#", 0, 0, 21, 0, 0, 0, 52, 18, 91
"c:\Users\jarrh\source\repos\SugarGuard.Junior\SugarGuard.Junior\Repositories\Interfaces\IChildRepository.cs", "C#", 0, 0, 12, 0, 0, 0, 22, 9, 43
"c:\Users\jarrh\source\repos\SugarGuard.Junior\SugarGuard.Junior\Repositories\Interfaces\IDiabetesSettingsRepository.cs", "C#", 0, 0, 17, 0, 0, 0, 40, 14, 71
"c:\Users\jarrh\source\repos\SugarGuard.Junior\SugarGuard.Junior\Repositories\Interfaces\IMeasurementRepository.cs", "C#", 0, 0, 35, 0, 0, 0, 87, 28, 150
"c:\Users\jarrh\source\repos\SugarGuard.Junior\SugarGuard.Junior\Repositories\Interfaces\IRepository.cs", "C#", 0, 0, 13, 0, 0, 0, 40, 11, 64
"c:\Users\jarrh\source\repos\SugarGuard.Junior\SugarGuard.Junior\Repositories\Interfaces\IUserRepository.cs", "C#", 0, 0, 14, 0, 0, 0, 31, 10, 55
"c:\Users\jarrh\source\repos\SugarGuard.Junior\SugarGuard.Junior\Resources\AppIcon\appicon.svg", "XML", 4, 0, 0, 0, 0, 0, 0, 0, 4
"c:\Users\jarrh\source\repos\SugarGuard.Junior\SugarGuard.Junior\Resources\AppIcon\appiconfg.svg", "XML", 8, 0, 0, 0, 0, 0, 0, 0, 8
"c:\Users\jarrh\source\repos\SugarGuard.Junior\SugarGuard.Junior\Resources\Splash\splash.svg", "XML", 8, 0, 0, 0, 0, 0, 0, 0, 8
"c:\Users\jarrh\source\repos\SugarGuard.Junior\SugarGuard.Junior\Resources\Styles\Buttons.xaml", "XML", 284, 0, 0, 0, 0, 0, 19, 33, 336
"c:\Users\jarrh\source\repos\SugarGuard.Junior\SugarGuard.Junior\Resources\Styles\Cards.xaml", "XML", 145, 0, 0, 0, 0, 0, 33, 31, 209
"c:\Users\jarrh\source\repos\SugarGuard.Junior\SugarGuard.Junior\Resources\Styles\Chips.xaml", "XML", 215, 0, 0, 0, 0, 0, 14, 29, 258
"c:\Users\jarrh\source\repos\SugarGuard.Junior\SugarGuard.Junior\Resources\Styles\Colors.xaml", "XML", 102, 0, 0, 0, 0, 0, 45, 32, 179
"c:\Users\jarrh\source\repos\SugarGuard.Junior\SugarGuard.Junior\Resources\Styles\Radii.xaml", "XML", 26, 0, 0, 0, 0, 0, 9, 9, 44
"c:\Users\jarrh\source\repos\SugarGuard.Junior\SugarGuard.Junior\Resources\Styles\Shadows.xaml", "XML", 98, 0, 0, 0, 0, 0, 11, 21, 130
"c:\Users\jarrh\source\repos\SugarGuard.Junior\SugarGuard.Junior\Resources\Styles\Spacing.xaml", "XML", 130, 0, 0, 0, 0, 0, 19, 26, 175
"c:\Users\jarrh\source\repos\SugarGuard.Junior\SugarGuard.Junior\Resources\Styles\States.xaml", "XML", 579, 0, 0, 0, 0, 0, 44, 70, 693
"c:\Users\jarrh\source\repos\SugarGuard.Junior\SugarGuard.Junior\Resources\Styles\Styles.xaml", "XML", 168, 0, 0, 0, 0, 0, 6, 29, 203
"c:\Users\jarrh\source\repos\SugarGuard.Junior\SugarGuard.Junior\Resources\Styles\Theme.Dark.xaml", "XML", 101, 0, 0, 0, 0, 0, 111, 42, 254
"c:\Users\jarrh\source\repos\SugarGuard.Junior\SugarGuard.Junior\Resources\Styles\Theme.Light.xaml", "XML", 101, 0, 0, 0, 0, 0, 112, 44, 257
"c:\Users\jarrh\source\repos\SugarGuard.Junior\SugarGuard.Junior\Resources\Styles\Typography.xaml", "XML", 276, 0, 0, 0, 0, 0, 72, 62, 410
"c:\Users\jarrh\source\repos\SugarGuard.Junior\SugarGuard.Junior\Security\CryptoService.cs", "C#", 0, 0, 173, 0, 0, 0, 102, 42, 317
"c:\Users\jarrh\source\repos\SugarGuard.Junior\SugarGuard.Junior\Security\MauiEncryptionService.cs", "C#", 0, 0, 105, 0, 0, 0, 35, 22, 162
"c:\Users\jarrh\source\repos\SugarGuard.Junior\SugarGuard.Junior\Security\MauiReEncryptJob.cs", "C#", 0, 0, 142, 0, 0, 0, 29, 18, 189
"c:\Users\jarrh\source\repos\SugarGuard.Junior\SugarGuard.Junior\Security\MauiSecureStorageKeyProvider.cs", "C#", 0, 0, 52, 0, 0, 0, 23, 13, 88
"c:\Users\jarrh\source\repos\SugarGuard.Junior\SugarGuard.Junior\Security\PasswordHashingService.cs", "C#", 0, 0, 87, 0, 0, 0, 67, 20, 174
"c:\Users\jarrh\source\repos\SugarGuard.Junior\SugarGuard.Junior\Security\SecureStorageService.cs", "C#", 0, 0, 188, 0, 0, 0, 48, 18, 254
"c:\Users\jarrh\source\repos\SugarGuard.Junior\SugarGuard.Junior\Services\Implementations\AIRecommendationService.cs", "C#", 0, 0, 276, 0, 0, 0, 47, 36, 359
"c:\Users\jarrh\source\repos\SugarGuard.Junior\SugarGuard.Junior\Services\Implementations\AccessManagementPageFactory.cs", "C#", 0, 0, 16, 0, 0, 0, 0, 5, 21
"c:\Users\jarrh\source\repos\SugarGuard.Junior\SugarGuard.Junior\Services\Implementations\AddSnackDialogFactory.cs", "C#", 0, 0, 19, 0, 0, 0, 4, 5, 28
"c:\Users\jarrh\source\repos\SugarGuard.Junior\SugarGuard.Junior\Services\Implementations\AuthenticationService.cs", "C#", 0, 0, 387, 0, 0, 0, 78, 77, 542
"c:\Users\jarrh\source\repos\SugarGuard.Junior\SugarGuard.Junior\Services\Implementations\BackpackService.cs", "C#", 0, 0, 272, 0, 0, 0, 24, 38, 334
"c:\Users\jarrh\source\repos\SugarGuard.Junior\SugarGuard.Junior\Services\Implementations\ConnectionCodeService.cs", "C#", 0, 0, 86, 0, 0, 0, 23, 14, 123
"c:\Users\jarrh\source\repos\SugarGuard.Junior\SugarGuard.Junior\Services\Implementations\CurrentUserService.cs", "C#", 0, 0, 14, 0, 0, 0, 0, 5, 19
"c:\Users\jarrh\source\repos\SugarGuard.Junior\SugarGuard.Junior\Services\Implementations\DiabetesSettingsPageFactory.cs", "C#", 0, 0, 18, 0, 0, 0, 0, 5, 23
"c:\Users\jarrh\source\repos\SugarGuard.Junior\SugarGuard.Junior\Services\Implementations\EditProfilePageFactory.cs", "C#", 0, 0, 28, 0, 0, 0, 0, 6, 34
"c:\Users\jarrh\source\repos\SugarGuard.Junior\SugarGuard.Junior\Services\Implementations\EncryptionService.cs", "C#", 0, 0, 171, 0, 0, 0, 33, 25, 229
"c:\Users\jarrh\source\repos\SugarGuard.Junior\SugarGuard.Junior\Services\Implementations\FallbackRecommendationService.cs", "C#", 0, 0, 96, 0, 0, 0, 29, 18, 143
"c:\Users\jarrh\source\repos\SugarGuard.Junior\SugarGuard.Junior\Services\Implementations\GigaChatService.cs", "C#", 0, 0, 239, 0, 0, 0, 39, 47, 325
"c:\Users\jarrh\source\repos\SugarGuard.Junior\SugarGuard.Junior\Services\Implementations\LinkService.cs", "C#", 0, 0, 316, 0, 0, 0, 4, 45, 365
"c:\Users\jarrh\source\repos\SugarGuard.Junior\SugarGuard.Junior\Services\Implementations\LocationService.cs", "C#", 0, 0, 157, 0, 0, 0, 23, 25, 205
"c:\Users\jarrh\source\repos\SugarGuard.Junior\SugarGuard.Junior\Services\Implementations\MeasurementService.cs", "C#", 0, 0, 504, 0, 0, 0, 98, 69, 671
"c:\Users\jarrh\source\repos\SugarGuard.Junior\SugarGuard.Junior\Services\Implementations\MockApiClient.cs", "C#", 0, 0, 471, 0, 0, 0, 111, 92, 674
"c:\Users\jarrh\source\repos\SugarGuard.Junior\SugarGuard.Junior\Services\Implementations\NotificationService.cs", "C#", 0, 0, 372, 0, 0, 0, 66, 61, 499
"c:\Users\jarrh\source\repos\SugarGuard.Junior\SugarGuard.Junior\Services\Implementations\RealApiClient.cs", "C#", 0, 0, 568, 0, 0, 0, 55, 104, 727
"c:\Users\jarrh\source\repos\SugarGuard.Junior\SugarGuard.Junior\Services\Implementations\RecommendationCacheAdapter.cs", "C#", 0, 0, 30, 0, 0, 0, 11, 7, 48
"c:\Users\jarrh\source\repos\SugarGuard.Junior\SugarGuard.Junior\Services\Implementations\RecommendationCacheService.cs", "C#", 0, 0, 181, 0, 0, 0, 49, 42, 272
"c:\Users\jarrh\source\repos\SugarGuard.Junior\SugarGuard.Junior\Services\Implementations\RecommendationModalFactory.cs", "C#", 0, 0, 12, 0, 0, 0, 3, 3, 18
"c:\Users\jarrh\source\repos\SugarGuard.Junior\SugarGuard.Junior\Services\Implementations\RecommendationModalViewModelFactory.cs", "C#", 0, 0, 16, 0, 0, 0, 4, 5, 25
"c:\Users\jarrh\source\repos\SugarGuard.Junior\SugarGuard.Junior\Services\Implementations\RecommendationOrchestrator.cs", "C#", 0, 0, 128, 0, 0, 0, 7, 19, 154
"c:\Users\jarrh\source\repos\SugarGuard.Junior\SugarGuard.Junior\Services\Implementations\ScheduleService.cs", "C#", 0, 0, 206, 0, 0, 0, 34, 40, 280
"c:\Users\jarrh\source\repos\SugarGuard.Junior\SugarGuard.Junior\Services\Implementations\StatisticsService.cs", "C#", 0, 0, 145, 0, 0, 0, 37, 30, 212
"c:\Users\jarrh\source\repos\SugarGuard.Junior\SugarGuard.Junior\Services\Implementations\StorageService.cs", "C#", 0, 0, 86, 0, 0, 0, 28, 9, 123
"c:\Users\jarrh\source\repos\SugarGuard.Junior\SugarGuard.Junior\Services\Implementations\SyncConflictResolver.cs", "C#", 0, 0, 112, 0, 0, 0, 22, 19, 153
"c:\Users\jarrh\source\repos\SugarGuard.Junior\SugarGuard.Junior\Services\Implementations\SyncService.cs", "C#", 0, 0, 592, 0, 0, 0, 90, 96, 778
"c:\Users\jarrh\source\repos\SugarGuard.Junior\SugarGuard.Junior\Services\Implementations\ThemeService.cs", "C#", 0, 0, 100, 0, 0, 0, 28, 21, 149
"c:\Users\jarrh\source\repos\SugarGuard.Junior\SugarGuard.Junior\Services\Interfaces\IAIRecommendationService.cs", "C#", 0, 0, 40, 0, 0, 0, 65, 20, 125
"c:\Users\jarrh\source\repos\SugarGuard.Junior\SugarGuard.Junior\Services\Interfaces\IAccessManagementPageFactory.cs", "C#", 0, 0, 6, 0, 0, 0, 3, 3, 12
"c:\Users\jarrh\source\repos\SugarGuard.Junior\SugarGuard.Junior\Services\Interfaces\IAddSnackDialogFactory.cs", "C#", 0, 0, 7, 0, 0, 0, 6, 3, 16
"c:\Users\jarrh\source\repos\SugarGuard.Junior\SugarGuard.Junior\Services\Interfaces\IApiClient.cs", "C#", 0, 0, 40, 0, 0, 0, 114, 31, 185
"c:\Users\jarrh\source\repos\SugarGuard.Junior\SugarGuard.Junior\Services\Interfaces\IAuthenticationService.cs", "C#", 0, 0, 15, 0, 0, 0, 28, 11, 54
"c:\Users\jarrh\source\repos\SugarGuard.Junior\SugarGuard.Junior\Services\Interfaces\IBackpackService.cs", "C#", 0, 0, 24, 0, 0, 0, 40, 13, 77
"c:\Users\jarrh\source\repos\SugarGuard.Junior\SugarGuard.Junior\Services\Interfaces\IConnectionCodeService.cs", "C#", 0, 0, 7, 0, 0, 0, 28, 3, 38
"c:\Users\jarrh\source\repos\SugarGuard.Junior\SugarGuard.Junior\Services\Interfaces\ICurrentUserService.cs", "C#", 0, 0, 5, 0, 0, 0, 3, 2, 10
"c:\Users\jarrh\source\repos\SugarGuard.Junior\SugarGuard.Junior\Services\Interfaces\IDiabetesSettingsPageFactory.cs", "C#", 0, 0, 6, 0, 0, 0, 3, 3, 12
"c:\Users\jarrh\source\repos\SugarGuard.Junior\SugarGuard.Junior\Services\Interfaces\IEditProfilePageFactory.cs", "C#", 0, 0, 7, 0, 0, 0, 3, 3, 13
"c:\Users\jarrh\source\repos\SugarGuard.Junior\SugarGuard.Junior\Services\Interfaces\IEncryptionService.cs", "C#", 0, 0, 13, 0, 0, 0, 28, 9, 50
"c:\Users\jarrh\source\repos\SugarGuard.Junior\SugarGuard.Junior\Services\Interfaces\IFallbackRecommendationService.cs", "C#", 0, 0, 7, 0, 0, 0, 12, 3, 22
"c:\Users\jarrh\source\repos\SugarGuard.Junior\SugarGuard.Junior\Services\Interfaces\IGigaChatService.cs", "C#", 0, 0, 32, 0, 0, 0, 77, 22, 131
"c:\Users\jarrh\source\repos\SugarGuard.Junior\SugarGuard.Junior\Services\Interfaces\ILinkService.cs", "C#", 0, 0, 16, 0, 0, 0, 14, 13, 43
"c:\Users\jarrh\source\repos\SugarGuard.Junior\SugarGuard.Junior\Services\Interfaces\ILocationService.cs", "C#", 0, 0, 16, 0, 0, 0, 42, 9, 67
"c:\Users\jarrh\source\repos\SugarGuard.Junior\SugarGuard.Junior\Services\Interfaces\IMeasurementService.cs", "C#", 0, 0, 17, 0, 0, 0, 30, 9, 56
"c:\Users\jarrh\source\repos\SugarGuard.Junior\SugarGuard.Junior\Services\Interfaces\INotificationService.cs", "C#", 0, 0, 12, 0, 0, 0, 28, 9, 49
"c:\Users\jarrh\source\repos\SugarGuard.Junior\SugarGuard.Junior\Services\Interfaces\IRecommendationCache.cs", "C#", 0, 0, 6, 0, 0, 0, 18, 3, 27
"c:\Users\jarrh\source\repos\SugarGuard.Junior\SugarGuard.Junior\Services\Interfaces\IRecommendationCacheService.cs", "C#", 0, 0, 26, 0, 0, 0, 68, 17, 111
"c:\Users\jarrh\source\repos\SugarGuard.Junior\SugarGuard.Junior\Services\Interfaces\IRecommendationModalFactory.cs", "C#", 0, 0, 7, 0, 0, 0, 6, 3, 16
"c:\Users\jarrh\source\repos\SugarGuard.Junior\SugarGuard.Junior\Services\Interfaces\IRecommendationModalViewModelFactory.cs", "C#", 0, 0, 6, 0, 0, 0, 6, 3, 15
"c:\Users\jarrh\source\repos\SugarGuard.Junior\SugarGuard.Junior\Services\Interfaces\IRecommendationOrchestrator.cs", "C#", 0, 0, 29, 0, 0, 0, 59, 15, 103
"c:\Users\jarrh\source\repos\SugarGuard.Junior\SugarGuard.Junior\Services\Interfaces\IScheduleService.cs", "C#", 0, 0, 11, 0, 0, 0, 39, 7, 57
"c:\Users\jarrh\source\repos\SugarGuard.Junior\SugarGuard.Junior\Services\Interfaces\IStatisticsService.cs", "C#", 0, 0, 16, 0, 0, 0, 45, 8, 69
"c:\Users\jarrh\source\repos\SugarGuard.Junior\SugarGuard.Junior\Services\Interfaces\IStorageService.cs", "C#", 0, 0, 9, 0, 0, 0, 18, 6, 33
"c:\Users\jarrh\source\repos\SugarGuard.Junior\SugarGuard.Junior\Services\Interfaces\ISyncConflictResolver.cs", "C#", 0, 0, 16, 0, 0, 0, 19, 5, 40
"c:\Users\jarrh\source\repos\SugarGuard.Junior\SugarGuard.Junior\Services\Interfaces\ISyncService.cs", "C#", 0, 0, 47, 0, 0, 0, 66, 20, 133
"c:\Users\jarrh\source\repos\SugarGuard.Junior\SugarGuard.Junior\Services\Interfaces\IThemeService.cs", "C#", 0, 0, 8, 0, 0, 0, 12, 5, 25
"c:\Users\jarrh\source\repos\SugarGuard.Junior\SugarGuard.Junior\SugarGuard.Junior.csproj", "XML", 84, 0, 0, 0, 0, 0, 17, 21, 122
"c:\Users\jarrh\source\repos\SugarGuard.Junior\SugarGuard.Junior\Utilities\CipherFormat.cs", "C#", 0, 0, 22, 0, 0, 0, 29, 7, 58
"c:\Users\jarrh\source\repos\SugarGuard.Junior\SugarGuard.Junior\Utilities\Constants.cs", "C#", 0, 0, 24, 0, 0, 0, 78, 23, 125
"c:\Users\jarrh\source\repos\SugarGuard.Junior\SugarGuard.Junior\Utilities\DoubleParser.cs", "C#", 0, 0, 33, 0, 0, 0, 20, 9, 62
"c:\Users\jarrh\source\repos\SugarGuard.Junior\SugarGuard.Junior\Utilities\GlucoseClassifier.cs", "C#", 0, 0, 14, 0, 0, 0, 0, 3, 17
"c:\Users\jarrh\source\repos\SugarGuard.Junior\SugarGuard.Junior\Utilities\ProfileValidator.cs", "C#", 0, 0, 145, 0, 0, 0, 52, 30, 227
"c:\Users\jarrh\source\repos\SugarGuard.Junior\SugarGuard.Junior\Utilities\Validators.cs", "C#", 0, 0, 66, 0, 0, 0, 28, 17, 111
"c:\Users\jarrh\source\repos\SugarGuard.Junior\SugarGuard.Junior\ViewModels\AccessManagementPageViewModel.cs", "C#", 0, 0, 320, 0, 0, 0, 4, 48, 372
"c:\Users\jarrh\source\repos\SugarGuard.Junior\SugarGuard.Junior\ViewModels\AddSnackDialogViewModel.cs", "C#", 0, 0, 170, 0, 0, 0, 67, 43, 280
"c:\Users\jarrh\source\repos\SugarGuard.Junior\SugarGuard.Junior\ViewModels\BackpackItemViewModel.cs", "C#", 0, 0, 8, 0, 0, 0, 3, 2, 13
"c:\Users\jarrh\source\repos\SugarGuard.Junior\SugarGuard.Junior\ViewModels\BackpackPageViewModel.cs", "C#", 0, 0, 610, 0, 0, 0, 84, 159, 853
"c:\Users\jarrh\source\repos\SugarGuard.Junior\SugarGuard.Junior\ViewModels\ChartPageViewModel.cs", "C#", 0, 0, 332, 0, 0, 0, 55, 75, 462
"c:\Users\jarrh\source\repos\SugarGuard.Junior\SugarGuard.Junior\ViewModels\DiabetesSettingsPageViewModel.cs", "C#", 0, 0, 242, 0, 0, 0, 14, 41, 297
"c:\Users\jarrh\source\repos\SugarGuard.Junior\SugarGuard.Junior\ViewModels\EditProfilePageViewModel.cs", "C#", 0, 0, 364, 0, 0, 0, 43, 63, 470
"c:\Users\jarrh\source\repos\SugarGuard.Junior\SugarGuard.Junior\ViewModels\HelpAlertPageViewModel.cs", "C#", 0, 0, 128, 0, 0, 0, 28, 19, 175
"c:\Users\jarrh\source\repos\SugarGuard.Junior\SugarGuard.Junior\ViewModels\HistoryPageViewModel.cs", "C#", 0, 0, 561, 0, 0, 0, 228, 122, 911
"c:\Users\jarrh\source\repos\SugarGuard.Junior\SugarGuard.Junior\ViewModels\LoginPageViewModel.cs", "C#", 0, 0, 100, 0, 0, 0, 3, 19, 122
"c:\Users\jarrh\source\repos\SugarGuard.Junior\SugarGuard.Junior\ViewModels\MainPageViewModel.cs", "C#", 0, 0, 734, 0, 0, 0, 137, 159, 1030
"c:\Users\jarrh\source\repos\SugarGuard.Junior\SugarGuard.Junior\ViewModels\OnboardingPageViewModel.cs", "C#", 0, 0, 204, 0, 0, 0, 4, 34, 242
"c:\Users\jarrh\source\repos\SugarGuard.Junior\SugarGuard.Junior\ViewModels\ProfilePageViewModel.cs", "C#", 0, 0, 414, 0, 0, 0, 63, 68, 545
"c:\Users\jarrh\source\repos\SugarGuard.Junior\SugarGuard.Junior\ViewModels\RecommendationModalViewModel.cs", "C#", 0, 0, 225, 0, 0, 0, 67, 57, 349
"c:\Users\jarrh\source\repos\SugarGuard.Junior\SugarGuard.Junior\ViewModels\RegisterPageViewModel.cs", "C#", 0, 0, 233, 0, 0, 0, 6, 49, 288
"c:\Users\jarrh\source\repos\SugarGuard.Junior\SugarGuard.Junior\ViewModels\SchedulePageViewModel.cs", "C#", 0, 0, 219, 0, 0, 0, 17, 38, 274
"c:\Users\jarrh\source\repos\SugarGuard.Junior\SugarGuard.Junior\ViewModels\VerifyPageViewModel.cs", "C#", 0, 0, 224, 0, 0, 0, 9, 46, 279
"c:\Users\jarrh\source\repos\SugarGuard.Junior\SugarGuard.Junior\Views\Components\EmptyStateView.xaml", "XML", 77, 0, 0, 0, 0, 0, 4, 14, 95
"c:\Users\jarrh\source\repos\SugarGuard.Junior\SugarGuard.Junior\Views\Components\EmptyStateView.xaml.cs", "C#", 0, 0, 231, 0, 0, 0, 21, 49, 301
"c:\Users\jarrh\source\repos\SugarGuard.Junior\SugarGuard.Junior\Views\Components\GlucoseChartDrawable.cs", "C#", 0, 0, 169, 0, 0, 0, 14, 33, 216
"c:\Users\jarrh\source\repos\SugarGuard.Junior\SugarGuard.Junior\Views\Components\GlucoseHeroCard.xaml", "XML", 87, 0, 0, 0, 0, 0, 9, 18, 114
"c:\Users\jarrh\source\repos\SugarGuard.Junior\SugarGuard.Junior\Views\Components\GlucoseHeroCard.xaml.cs", "C#", 0, 0, 97, 0, 0, 0, 9, 18, 124
"c:\Users\jarrh\source\repos\SugarGuard.Junior\SugarGuard.Junior\Views\Components\MetricCard.xaml", "XML", 66, 0, 0, 0, 0, 0, 4, 11, 81
"c:\Users\jarrh\source\repos\SugarGuard.Junior\SugarGuard.Junior\Views\Components\MetricCard.xaml.cs", "C#", 0, 0, 103, 0, 0, 0, 13, 20, 136
"c:\Users\jarrh\source\repos\SugarGuard.Junior\SugarGuard.Junior\Views\Components\StatusChip.xaml", "XML", 41, 0, 0, 0, 0, 0, 5, 7, 53
"c:\Users\jarrh\source\repos\SugarGuard.Junior\SugarGuard.Junior\Views\Components\StatusChip.xaml.cs", "C#", 0, 0, 35, 0, 0, 0, 4, 7, 46
"c:\Users\jarrh\source\repos\SugarGuard.Junior\SugarGuard.Junior\Views\Components\SyncBanner.xaml", "XML", 60, 0, 0, 0, 0, 0, 26, 11, 97
"c:\Users\jarrh\source\repos\SugarGuard.Junior\SugarGuard.Junior\Views\Components\SyncBanner.xaml.cs", "C#", 0, 0, 185, 0, 0, 0, 21, 38, 244
"c:\Users\jarrh\source\repos\SugarGuard.Junior\SugarGuard.Junior\Views\Controls\CodeInputControl.xaml", "XML", 9, 0, 0, 0, 0, 0, 1, 3, 13
"c:\Users\jarrh\source\repos\SugarGuard.Junior\SugarGuard.Junior\Views\Controls\CodeInputControl.xaml.cs", "C#", 0, 0, 208, 0, 0, 0, 11, 43, 262
"c:\Users\jarrh\source\repos\SugarGuard.Junior\SugarGuard.Junior\Views\Controls\IncomingLinkBanner.xaml", "XML", 26, 0, 0, 0, 0, 0, 0, 4, 30
"c:\Users\jarrh\source\repos\SugarGuard.Junior\SugarGuard.Junior\Views\Controls\IncomingLinkBanner.xaml.cs", "C#", 0, 0, 62, 0, 0, 0, 4, 14, 80
"c:\Users\jarrh\source\repos\SugarGuard.Junior\SugarGuard.Junior\Views\Controls\LimitedModeBanner.xaml", "XML", 33, 0, 0, 0, 0, 0, 3, 5, 41
"c:\Users\jarrh\source\repos\SugarGuard.Junior\SugarGuard.Junior\Views\Controls\LimitedModeBanner.xaml.cs", "C#", 0, 0, 37, 0, 0, 0, 4, 9, 50
"c:\Users\jarrh\source\repos\SugarGuard.Junior\SugarGuard.Junior\Views\Controls\PasswordStrengthBar.xaml", "XML", 19, 0, 0, 0, 0, 0, 0, 3, 22
"c:\Users\jarrh\source\repos\SugarGuard.Junior\SugarGuard.Junior\Views\Controls\PasswordStrengthBar.xaml.cs", "C#", 0, 0, 107, 0, 0, 0, 11, 24, 142
"c:\Users\jarrh\source\repos\SugarGuard.Junior\SugarGuard.Junior\Views\Controls\RangeSlider.xaml", "XML", 74, 0, 0, 0, 0, 0, 0, 9, 83
"c:\Users\jarrh\source\repos\SugarGuard.Junior\SugarGuard.Junior\Views\Controls\RangeSlider.xaml.cs", "C#", 0, 0, 107, 0, 0, 0, 4, 25, 136
"c:\Users\jarrh\source\repos\SugarGuard.Junior\SugarGuard.Junior\Views\Graphics\MiniChartDataPoint.cs", "C#", 0, 0, 18, 0, 0, 0, 17, 7, 42
"c:\Users\jarrh\source\repos\SugarGuard.Junior\SugarGuard.Junior\Views\Graphics\MiniGlucoseChartDrawable.cs", "C#", 0, 0, 150, 0, 0, 0, 59, 46, 255
"c:\Users\jarrh\source\repos\SugarGuard.Junior\SugarGuard.Junior\Views\Modals\InviteCodeBottomSheet.xaml", "XML", 47, 0, 0, 0, 0, 0, 3, 9, 59
"c:\Users\jarrh\source\repos\SugarGuard.Junior\SugarGuard.Junior\Views\Modals\InviteCodeBottomSheet.xaml.cs", "C#", 0, 0, 46, 0, 0, 0, 4, 9, 59
"c:\Users\jarrh\source\repos\SugarGuard.Junior\SugarGuard.Junior\Views\Modals\LockedFeatureBottomSheet.xaml", "XML", 43, 0, 0, 0, 0, 0, 7, 11, 61
"c:\Users\jarrh\source\repos\SugarGuard.Junior\SugarGuard.Junior\Views\Modals\LockedFeatureBottomSheet.xaml.cs", "C#", 0, 0, 50, 0, 0, 0, 4, 11, 65
"c:\Users\jarrh\source\repos\SugarGuard.Junior\SugarGuard.Junior\Views\Pages\AccessManagementPage.xaml", "XML", 164, 0, 0, 0, 0, 0, 0, 21, 185
"c:\Users\jarrh\source\repos\SugarGuard.Junior\SugarGuard.Junior\Views\Pages\AccessManagementPage.xaml.cs", "C#", 0, 0, 17, 0, 0, 0, 0, 5, 22
"c:\Users\jarrh\source\repos\SugarGuard.Junior\SugarGuard.Junior\Views\Pages\AddSnackDialog.xaml", "XML", 148, 0, 0, 0, 0, 0, 0, 9, 157
"c:\Users\jarrh\source\repos\SugarGuard.Junior\SugarGuard.Junior\Views\Pages\AddSnackDialog.xaml.cs", "C#", 0, 0, 33, 0, 0, 0, 15, 11, 59
"c:\Users\jarrh\source\repos\SugarGuard.Junior\SugarGuard.Junior\Views\Pages\BackpackPage.xaml", "XML", 109, 0, 0, 0, 0, 0, 0, 6, 115
"c:\Users\jarrh\source\repos\SugarGuard.Junior\SugarGuard.Junior\Views\Pages\BackpackPage.xaml.cs", "C#", 0, 0, 32, 0, 0, 0, 2, 8, 42
"c:\Users\jarrh\source\repos\SugarGuard.Junior\SugarGuard.Junior\Views\Pages\ChartPage.xaml", "XML", 394, 0, 0, 0, 0, 0, 52, 78, 524
"c:\Users\jarrh\source\repos\SugarGuard.Junior\SugarGuard.Junior\Views\Pages\ChartPage.xaml.cs", "C#", 0, 0, 75, 0, 0, 0, 7, 19, 101
"c:\Users\jarrh\source\repos\SugarGuard.Junior\SugarGuard.Junior\Views\Pages\DiabetesSettingsPage.xaml", "XML", 140, 0, 0, 0, 0, 0, 16, 23, 179
"c:\Users\jarrh\source\repos\SugarGuard.Junior\SugarGuard.Junior\Views\Pages\DiabetesSettingsPage.xaml.cs", "C#", 0, 0, 22, 0, 0, 0, 11, 6, 39
"c:\Users\jarrh\source\repos\SugarGuard.Junior\SugarGuard.Junior\Views\Pages\EditProfilePage.xaml", "XML", 151, 0, 0, 0, 0, 0, 16, 22, 189
"c:\Users\jarrh\source\repos\SugarGuard.Junior\SugarGuard.Junior\Views\Pages\EditProfilePage.xaml.cs", "C#", 0, 0, 45, 0, 0, 0, 12, 9, 66
"c:\Users\jarrh\source\repos\SugarGuard.Junior\SugarGuard.Junior\Views\Pages\HelpAlertPage.xaml", "XML", 153, 0, 0, 0, 0, 0, 10, 21, 184
"c:\Users\jarrh\source\repos\SugarGuard.Junior\SugarGuard.Junior\Views\Pages\HelpAlertPage.xaml.cs", "C#", 0, 0, 12, 0, 0, 0, 7, 5, 24
"c:\Users\jarrh\source\repos\SugarGuard.Junior\SugarGuard.Junior\Views\Pages\HistoryPage.xaml", "XML", 351, 0, 0, 0, 0, 0, 19, 59, 429
"c:\Users\jarrh\source\repos\SugarGuard.Junior\SugarGuard.Junior\Views\Pages\HistoryPage.xaml.cs", "C#", 0, 0, 24, 0, 0, 0, 4, 7, 35
"c:\Users\jarrh\source\repos\SugarGuard.Junior\SugarGuard.Junior\Views\Pages\LoginPage.xaml", "XML", 94, 0, 0, 0, 0, 0, 7, 13, 114
"c:\Users\jarrh\source\repos\SugarGuard.Junior\SugarGuard.Junior\Views\Pages\LoginPage.xaml.cs", "C#", 0, 0, 10, 0, 0, 0, 0, 3, 13
"c:\Users\jarrh\source\repos\SugarGuard.Junior\SugarGuard.Junior\Views\Pages\MainPage.xaml", "XML", 146, 0, 0, 0, 0, 0, 0, 11, 157
"c:\Users\jarrh\source\repos\SugarGuard.Junior\SugarGuard.Junior\Views\Pages\MainPage.xaml.cs", "C#", 0, 0, 71, 0, 0, 0, 25, 19, 115
"c:\Users\jarrh\source\repos\SugarGuard.Junior\SugarGuard.Junior\Views\Pages\OnboardingPage.xaml", "XML", 135, 0, 0, 0, 0, 0, 0, 21, 156
"c:\Users\jarrh\source\repos\SugarGuard.Junior\SugarGuard.Junior\Views\Pages\OnboardingPage.xaml.cs", "C#", 0, 0, 10, 0, 0, 0, 0, 3, 13
"c:\Users\jarrh\source\repos\SugarGuard.Junior\SugarGuard.Junior\Views\Pages\ProfilePage.xaml", "XML", 296, 0, 0, 0, 0, 0, 0, 31, 327
"c:\Users\jarrh\source\repos\SugarGuard.Junior\SugarGuard.Junior\Views\Pages\ProfilePage.xaml.cs", "C#", 0, 0, 149, 0, 0, 0, 18, 27, 194
"c:\Users\jarrh\source\repos\SugarGuard.Junior\SugarGuard.Junior\Views\Pages\RecommendationModal.xaml", "XML", 164, 0, 0, 0, 0, 0, 17, 28, 209
"c:\Users\jarrh\source\repos\SugarGuard.Junior\SugarGuard.Junior\Views\Pages\RecommendationModal.xaml.cs", "C#", 0, 0, 12, 0, 0, 0, 7, 5, 24
"c:\Users\jarrh\source\repos\SugarGuard.Junior\SugarGuard.Junior\Views\Pages\RegisterPage.xaml", "XML", 167, 0, 0, 0, 0, 0, 11, 24, 202
"c:\Users\jarrh\source\repos\SugarGuard.Junior\SugarGuard.Junior\Views\Pages\RegisterPage.xaml.cs", "C#", 0, 0, 14, 0, 0, 0, 0, 4, 18
"c:\Users\jarrh\source\repos\SugarGuard.Junior\SugarGuard.Junior\Views\Pages\SchedulePage.xaml", "XML", 155, 0, 0, 0, 0, 0, 0, 11, 166
"c:\Users\jarrh\source\repos\SugarGuard.Junior\SugarGuard.Junior\Views\Pages\SchedulePage.xaml.cs", "C#", 0, 0, 55, 0, 0, 0, 13, 14, 82
"c:\Users\jarrh\source\repos\SugarGuard.Junior\SugarGuard.Junior\Views\Pages\SwipeablePage.cs", "C#", 0, 0, 43, 0, 0, 0, 6, 10, 59
"c:\Users\jarrh\source\repos\SugarGuard.Junior\SugarGuard.Junior\Views\Pages\VerifyPage.xaml", "XML", 69, 0, 0, 0, 0, 0, 6, 12, 87
"c:\Users\jarrh\source\repos\SugarGuard.Junior\SugarGuard.Junior\Views\Pages\VerifyPage.xaml.cs", "C#", 0, 0, 27, 0, 0, 0, 4, 8, 39
"c:\Users\jarrh\source\repos\SugarGuard.Junior\SugarGuard.Web\App.razor", "Razor", 0, 0, 0, -51, 0, 0, -7, -13, -71
"c:\Users\jarrh\source\repos\SugarGuard.Junior\SugarGuard.Web\Components\Admin\UserRow.razor", "Razor", 0, 0, 0, -190, 0, 0, 0, -50, -240
"c:\Users\jarrh\source\repos\SugarGuard.Junior\SugarGuard.Web\Components\Auth\CodeInputComponent.razor", "Razor", 0, 0, 0, -447, 0, 0, 0, -79, -526
"c:\Users\jarrh\source\repos\SugarGuard.Junior\SugarGuard.Web\Components\Auth\NotAuthorized.razor", "Razor", 0, 0, 0, -264, 0, 0, 0, -44, -308
"c:\Users\jarrh\source\repos\SugarGuard.Junior\SugarGuard.Web\Components\Auth\PasswordStrengthIndicator.razor", "Razor", 0, 0, 0, -236, 0, 0, 0, -46, -282
"c:\Users\jarrh\source\repos\SugarGuard.Junior\SugarGuard.Web\Components\Auth\RedirectToLogin.razor", "Razor", 0, 0, 0, -93, 0, 0, 0, -17, -110
"c:\Users\jarrh\source\repos\SugarGuard.Junior\SugarGuard.Web\Components\Layout\AdminLayout.razor", "Razor", 0, 0, 0, -31, 0, 0, 0, -3, -34
"c:\Users\jarrh\source\repos\SugarGuard.Junior\SugarGuard.Web\Components\Layout\AdminNavMenu.razor", "Razor", 0, 0, 0, -27, 0, 0, 0, -4, -31
"c:\Users\jarrh\source\repos\SugarGuard.Junior\SugarGuard.Web\Components\Layout\DashboardLayout.razor", "Razor", 0, 0, 0, -718, 0, 0, 0, -104, -822
"c:\Users\jarrh\source\repos\SugarGuard.Junior\SugarGuard.Web\Components\Layout\EmptyLayout.razor", "Razor", 0, 0, 0, -5, 0, 0, 0, -1, -6
"c:\Users\jarrh\source\repos\SugarGuard.Junior\SugarGuard.Web\Components\Layout\MainLayout.razor", "Razor", 0, 0, 0, -443, 0, 0, 0, -48, -491
"c:\Users\jarrh\source\repos\SugarGuard.Junior\SugarGuard.Web\Components\Layout\MainLayout.razor.css", "CSS", 0, 0, 0, 0, -713, 0, -20, -105, -838
"c:\Users\jarrh\source\repos\SugarGuard.Junior\SugarGuard.Web\Components\Layout\NavMenu.razor", "Razor", 0, 0, 0, -269, 0, 0, 0, -29, -298
"c:\Users\jarrh\source\repos\SugarGuard.Junior\SugarGuard.Web\Components\Layout\NavMenu.razor.css", "CSS", 0, 0, 0, 0, -225, 0, -8, -36, -269
"c:\Users\jarrh\source\repos\SugarGuard.Junior\SugarGuard.Web\Components\Layout\ParentLayout.razor", "Razor", 0, 0, 0, -361, 0, 0, 0, -50, -411
"c:\Users\jarrh\source\repos\SugarGuard.Junior\SugarGuard.Web\Components\Pages\Admin\AdminExportLogs.razor", "Razor", 0, 0, 0, -229, 0, 0, 0, -27, -256
"c:\Users\jarrh\source\repos\SugarGuard.Junior\SugarGuard.Web\Components\Pages\Admin\AdminFaq.razor", "Razor", 0, 0, 0, -378, 0, 0, 0, -48, -426
"c:\Users\jarrh\source\repos\SugarGuard.Junior\SugarGuard.Web\Components\Pages\Admin\AdminRoles.razor", "Razor", 0, 0, 0, -186, 0, 0, 0, -29, -215
"c:\Users\jarrh\source\repos\SugarGuard.Junior\SugarGuard.Web\Components\Pages\Admin\AdminSyncLogs.razor", "Razor", 0, 0, 0, -279, 0, 0, 0, -29, -308
"c:\Users\jarrh\source\repos\SugarGuard.Junior\SugarGuard.Web\Components\Pages\Admin\AdminTokens.razor", "Razor", 0, 0, 0, -353, 0, 0, 0, -56, -409
"c:\Users\jarrh\source\repos\SugarGuard.Junior\SugarGuard.Web\Components\Pages\Admin\LinkManager.razor", "Razor", 0, 0, 0, -692, 0, 0, 0, -86, -778
"c:\Users\jarrh\source\repos\SugarGuard.Junior\SugarGuard.Web\Components\Pages\Admin\LinkManager.razor.css", "CSS", 0, 0, 0, 0, -343, 0, -9, -60, -412
"c:\Users\jarrh\source\repos\SugarGuard.Junior\SugarGuard.Web\Components\Pages\Admin\SystemStats.razor", "Razor", 0, 0, 0, -404, 0, 0, 0, -57, -461
"c:\Users\jarrh\source\repos\SugarGuard.Junior\SugarGuard.Web\Components\Pages\Admin\SystemStats.razor.css", "CSS", 0, 0, 0, 0, -333, 0, -10, -65, -408
"c:\Users\jarrh\source\repos\SugarGuard.Junior\SugarGuard.Web\Components\Pages\Doctor\CohortStats.razor", "Razor", 0, 0, 0, -837, 0, 0, 0, -130, -967
"c:\Users\jarrh\source\repos\SugarGuard.Junior\SugarGuard.Web\Components\Pages\Doctor\Dashboard.razor", "Razor", 0, 0, 0, -520, 0, 0, 0, -87, -607
"c:\Users\jarrh\source\repos\SugarGuard.Junior\SugarGuard.Web\Components\Pages\Doctor\NoteEditor.razor", "Razor", 0, 0, 0, -811, 0, 0, 0, -127, -938
"c:\Users\jarrh\source\repos\SugarGuard.Junior\SugarGuard.Web\Components\Pages\Error.razor", "Razor", 0, 0, 0, -29, 0, 0, 0, -8, -37
"c:\Users\jarrh\source\repos\SugarGuard.Junior\SugarGuard.Web\Components\Pages\Index.razor", "Razor", 0, 0, 0, -926, 0, 0, 0, -122, -1048
"c:\Users\jarrh\source\repos\SugarGuard.Junior\SugarGuard.Web\Components\Pages\Parent\ParentBackpack.razor", "Razor", 0, 0, 0, -10, 0, 0, 0, -2, -12
"c:\Users\jarrh\source\repos\SugarGuard.Junior\SugarGuard.Web\Components\Pages\Parent\ParentDoctor.razor", "Razor", 0, 0, 0, -10, 0, 0, 0, -2, -12
"c:\Users\jarrh\source\repos\SugarGuard.Junior\SugarGuard.Web\Components\Pages\Parent\ParentExport.razor", "Razor", 0, 0, 0, -10, 0, 0, 0, -2, -12
"c:\Users\jarrh\source\repos\SugarGuard.Junior\SugarGuard.Web\Components\Pages\Parent\ParentMeasurements.razor", "Razor", 0, 0, 0, -10, 0, 0, 0, -2, -12
"c:\Users\jarrh\source\repos\SugarGuard.Junior\SugarGuard.Web\Components\Pages\Parent\ParentNutrition.razor", "Razor", 0, 0, 0, -10, 0, 0, 0, -2, -12
"c:\Users\jarrh\source\repos\SugarGuard.Junior\SugarGuard.Web\Components\Pages\Parent\ParentSettings.razor", "Razor", 0, 0, 0, -10, 0, 0, 0, -2, -12
"c:\Users\jarrh\source\repos\SugarGuard.Junior\SugarGuard.Web\Components\Routes.razor", "Razor", 0, 0, 0, -22, 0, 0, 0, -1, -23
"c:\Users\jarrh\source\repos\SugarGuard.Junior\SugarGuard.Web\Components\Shared\AddNoteModal.razor", "Razor", 0, 0, 0, -385, 0, 0, 0, -55, -440
"c:\Users\jarrh\source\repos\SugarGuard.Junior\SugarGuard.Web\Components\Shared\AiRecommendationCard.razor", "Razor", 0, 0, 0, -517, 0, 0, 0, -88, -605
"c:\Users\jarrh\source\repos\SugarGuard.Junior\SugarGuard.Web\Components\Shared\AlertBanner.razor", "Razor", 0, 0, 0, -473, 0, 0, 0, -76, -549
"c:\Users\jarrh\source\repos\SugarGuard.Junior\SugarGuard.Web\Components\Shared\BreadcrumbItem.cs", "C#", 0, 0, -2, 0, 0, 0, -3, -2, -7
"c:\Users\jarrh\source\repos\SugarGuard.Junior\SugarGuard.Web\Components\Shared\ChildSelector.razor", "Razor", 0, 0, 0, -657, 0, 0, 0, -94, -751
"c:\Users\jarrh\source\repos\SugarGuard.Junior\SugarGuard.Web\Components\Shared\ConfirmationDialog.razor", "Razor", 0, 0, 0, -161, 0, 0, 0, -14, -175
"c:\Users\jarrh\source\repos\SugarGuard.Junior\SugarGuard.Web\Components\Shared\DataTable.razor", "Razor", 0, 0, 0, -307, 0, 0, 0, -55, -362
"c:\Users\jarrh\source\repos\SugarGuard.Junior\SugarGuard.Web\Components\Shared\DoctorNoteCard.razor", "Razor", 0, 0, 0, -202, 0, 0, 0, -31, -233
"c:\Users\jarrh\source\repos\SugarGuard.Junior\SugarGuard.Web\Components\Shared\EmptyState.razor", "Razor", 0, 0, 0, -311, 0, 0, 0, -61, -372
"c:\Users\jarrh\source\repos\SugarGuard.Junior\SugarGuard.Web\Components\Shared\GlucoseChart.razor", "Razor", 0, 0, 0, -301, 0, 0, 0, -59, -360
"c:\Users\jarrh\source\repos\SugarGuard.Junior\SugarGuard.Web\Components\Shared\GlucoseChart.razor.css", "CSS", 0, 0, 0, 0, -164, 0, -9, -28, -201
"c:\Users\jarrh\source\repos\SugarGuard.Junior\SugarGuard.Web\Components\Shared\GlucoseStatusBadge.razor", "Razor", 0, 0, 0, -203, 0, 0, 0, -38, -241
"c:\Users\jarrh\source\repos\SugarGuard.Junior\SugarGuard.Web\Components\Shared\InviteCodeModal.razor", "Razor", 0, 0, 0, -281, 0, 0, 0, -36, -317
"c:\Users\jarrh\source\repos\SugarGuard.Junior\SugarGuard.Web\Components\Shared\LoadingSkeleton.razor", "Razor", 0, 0, 0, -142, 0, 0, 0, -11, -153
"c:\Users\jarrh\source\repos\SugarGuard.Junior\SugarGuard.Web\Components\Shared\LoadingSkeleton.razor.css", "CSS", 0, 0, 0, 0, -111, 0, -10, -20, -141
"c:\Users\jarrh\source\repos\SugarGuard.Junior\SugarGuard.Web\Components\Shared\LoadingSpinner.razor", "Razor", 0, 0, 0, -174, 0, 0, 0, -32, -206
"c:\Users\jarrh\source\repos\SugarGuard.Junior\SugarGuard.Web\Components\Shared\MeasurementTable.razor", "Razor", 0, 0, 0, -611, 0, 0, 0, -100, -711
"c:\Users\jarrh\source\repos\SugarGuard.Junior\SugarGuard.Web\Components\Shared\ModalVariant.cs", "C#", 0, 0, -7, 0, 0, 0, -3, -2, -12
"c:\Users\jarrh\source\repos\SugarGuard.Junior\SugarGuard.Web\Components\Shared\NavItem.razor", "Razor", 0, 0, 0, -42, 0, 0, 0, -8, -50
"c:\Users\jarrh\source\repos\SugarGuard.Junior\SugarGuard.Web\Components\Shared\NavItem.razor.css", "CSS", 0, 0, 0, 0, -54, 0, -11, -10, -75
"c:\Users\jarrh\source\repos\SugarGuard.Junior\SugarGuard.Web\Components\Shared\PageHeader.razor", "Razor", 0, 0, 0, -144, 0, 0, 0, -36, -180
"c:\Users\jarrh\source\repos\SugarGuard.Junior\SugarGuard.Web\Components\Shared\PageHeader.razor.css", "CSS", 0, 0, 0, 0, -185, 0, -15, -29, -229
"c:\Users\jarrh\source\repos\SugarGuard.Junior\SugarGuard.Web\Components\Shared\PatientCard.razor", "Razor", 0, 0, 0, -470, 0, 0, 0, -78, -548
"c:\Users\jarrh\source\repos\SugarGuard.Junior\SugarGuard.Web\Components\Shared\PatientRow.razor", "Razor", 0, 0, 0, -237, 0, 0, 0, -24, -261
"c:\Users\jarrh\source\repos\SugarGuard.Junior\SugarGuard.Web\Components\Shared\RoleBadge.razor", "Razor", 0, 0, 0, -122, 0, 0, 0, -24, -146
"c:\Users\jarrh\source\repos\SugarGuard.Junior\SugarGuard.Web\Components\Shared\RoleBadge.razor.css", "CSS", 0, 0, 0, 0, -94, 0, -13, -16, -123
"c:\Users\jarrh\source\repos\SugarGuard.Junior\SugarGuard.Web\Components\Shared\SessionExpiredDialog.razor", "Razor", 0, 0, 0, -385, 0, 0, 0, -73, -458
"c:\Users\jarrh\source\repos\SugarGuard.Junior\SugarGuard.Web\Components\Shared\SkeletonVariant.cs", "C#", 0, 0, -12, 0, 0, 0, -3, -9, -24
"c:\Users\jarrh\source\repos\SugarGuard.Junior\SugarGuard.Web\Components\Shared\StatCard.razor", "Razor", 0, 0, 0, -414, 0, 0, 0, -55, -469
"c:\Users\jarrh\source\repos\SugarGuard.Junior\SugarGuard.Web\Components\Shared\StatusChip.razor", "Razor", 0, 0, 0, -42, 0, 0, 0, -8, -50
"c:\Users\jarrh\source\repos\SugarGuard.Junior\SugarGuard.Web\Components\Shared\SyncBanner.razor", "Razor", 0, 0, 0, -248, 0, 0, 0, -38, -286
"c:\Users\jarrh\source\repos\SugarGuard.Junior\SugarGuard.Web\Components\Shared\SyncBanner.razor.css", "CSS", 0, 0, 0, 0, -193, 0, -18, -34, -245
"c:\Users\jarrh\source\repos\SugarGuard.Junior\SugarGuard.Web\Components\Shared\ThemeToggle.razor", "Razor", 0, 0, 0, -262, 0, 0, 0, -44, -306
"c:\Users\jarrh\source\repos\SugarGuard.Junior\SugarGuard.Web\Components\Shared\TimelineItem.razor", "Razor", 0, 0, 0, -153, 0, 0, 0, -16, -169
"c:\Users\jarrh\source\repos\SugarGuard.Junior\SugarGuard.Web\Components\Shared\TirProgressBar.razor", "Razor", 0, 0, 0, -298, 0, 0, 0, -49, -347
"c:\Users\jarrh\source\repos\SugarGuard.Junior\SugarGuard.Web\Components\_Imports.razor", "Razor", 0, 0, 0, -31, 0, 0, 0, -7, -38
"c:\Users\jarrh\source\repos\SugarGuard.Junior\SugarGuard.Web\Models\Analytics\AnalyticsModels.cs", "C#", 0, 0, -51, 0, 0, 0, -15, -27, -93
"c:\Users\jarrh\source\repos\SugarGuard.Junior\SugarGuard.Web\Models\Auth\AuthModels.cs", "C#", 0, 0, -41, 0, 0, 0, -19, -19, -79
"c:\Users\jarrh\source\repos\SugarGuard.Junior\SugarGuard.Web\Models\Charts\GlucoseChartPayload.cs", "C#", 0, 0, -13, 0, 0, 0, -3, -10, -26
"c:\Users\jarrh\source\repos\SugarGuard.Junior\SugarGuard.Web\Models\Charts\GlucoseChartPoint.cs", "C#", 0, 0, -6, 0, 0, 0, -3, -2, -11
"c:\Users\jarrh\source\repos\SugarGuard.Junior\SugarGuard.Web\Models\Charts\GlucoseChartViewModel.cs", "C#", 0, 0, -14, 0, 0, 0, -3, -11, -28
"c:\Users\jarrh\source\repos\SugarGuard.Junior\SugarGuard.Web\Pages\Admin\AuditLog.razor", "Razor", 0, 0, 0, -1096, 0, 0, 0, -191, -1287
"c:\Users\jarrh\source\repos\SugarGuard.Junior\SugarGuard.Web\Pages\Admin\Dashboard.razor", "Razor", 0, 0, 0, -832, 0, 0, 0, -128, -960
"c:\Users\jarrh\source\repos\SugarGuard.Junior\SugarGuard.Web\Pages\Admin\DoctorRequests.razor", "Razor", 0, 0, 0, -925, 0, 0, 0, -165, -1090
"c:\Users\jarrh\source\repos\SugarGuard.Junior\SugarGuard.Web\Pages\Admin\Users.razor", "Razor", 0, 0, 0, -1075, 0, 0, 0, -185, -1260
"c:\Users\jarrh\source\repos\SugarGuard.Junior\SugarGuard.Web\Pages\Auth\ForgotPassword.razor", "Razor", 0, 0, 0, -1017, 0, 0, 0, -144, -1161
"c:\Users\jarrh\source\repos\SugarGuard.Junior\SugarGuard.Web\Pages\Auth\Login.razor", "Razor", 0, 0, 0, -448, 0, 0, 0, -54, -502
"c:\Users\jarrh\source\repos\SugarGuard.Junior\SugarGuard.Web\Pages\Auth\Onboarding.razor", "Razor", 0, 0, 0, -1224, 0, 0, -5, -158, -1387
"c:\Users\jarrh\source\repos\SugarGuard.Junior\SugarGuard.Web\Pages\Auth\Register.razor", "Razor", 0, 0, 0, -814, 0, 0, 0, -116, -930
"c:\Users\jarrh\source\repos\SugarGuard.Junior\SugarGuard.Web\Pages\Auth\ResetPassword.razor", "Razor", 0, 0, 0, -690, 0, 0, -8, -93, -791
"c:\Users\jarrh\source\repos\SugarGuard.Junior\SugarGuard.Web\Pages\Auth\Verify.razor", "Razor", 0, 0, 0, -774, 0, 0, 0, -113, -887
"c:\Users\jarrh\source\repos\SugarGuard.Junior\SugarGuard.Web\Pages\Doctor\Alerts.razor", "Razor", 0, 0, 0, -295, 0, 0, 0, -50, -345
"c:\Users\jarrh\source\repos\SugarGuard.Junior\SugarGuard.Web\Pages\Doctor\Notes.razor", "Razor", 0, 0, 0, -322, 0, 0, 0, -51, -373
"c:\Users\jarrh\source\repos\SugarGuard.Junior\SugarGuard.Web\Pages\Doctor\NotesIndex.razor", "Razor", 0, 0, 0, -195, 0, 0, 0, -29, -224
"c:\Users\jarrh\source\repos\SugarGuard.Junior\SugarGuard.Web\Pages\Doctor\NotesIndex.razor.css", "CSS", 0, 0, 0, 0, -176, 0, 0, -29, -205
"c:\Users\jarrh\source\repos\SugarGuard.Junior\SugarGuard.Web\Pages\Doctor\PatientDetail.razor", "Razor", 0, 0, 0, -533, 0, 0, 0, -79, -612
"c:\Users\jarrh\source\repos\SugarGuard.Junior\SugarGuard.Web\Pages\Doctor\PatientDetail.razor.css", "CSS", 0, 0, 0, 0, -469, 0, 0, -81, -550
"c:\Users\jarrh\source\repos\SugarGuard.Junior\SugarGuard.Web\Pages\Doctor\Patients.razor", "Razor", 0, 0, 0, -672, 0, 0, 0, -87, -759
"c:\Users\jarrh\source\repos\SugarGuard.Junior\SugarGuard.Web\Pages\Doctor\Patients.razor.css", "CSS", 0, 0, 0, 0, -704, 0, 0, -116, -820
"c:\Users\jarrh\source\repos\SugarGuard.Junior\SugarGuard.Web\Pages\Doctor\Profile.razor", "Razor", 0, 0, 0, -211, 0, 0, 0, -30, -241
"c:\Users\jarrh\source\repos\SugarGuard.Junior\SugarGuard.Web\Pages\Doctor\Reports.razor", "Razor", 0, 0, 0, -363, 0, 0, 0, -56, -419
"c:\Users\jarrh\source\repos\SugarGuard.Junior\SugarGuard.Web\Pages\Parent\Analytics.razor", "Razor", 0, 0, 0, -580, 0, 0, 0, -69, -649
"c:\Users\jarrh\source\repos\SugarGuard.Junior\SugarGuard.Web\Pages\Parent\Dashboard.razor", "Razor", 0, 0, 0, -1940, 0, 0, 0, -189, -2129
"c:\Users\jarrh\source\repos\SugarGuard.Junior\SugarGuard.Web\Pages\Parent\Dashboard.razor.css", "CSS", 0, 0, 0, 0, -1108, 0, -32, -200, -1340
"c:\Users\jarrh\source\repos\SugarGuard.Junior\SugarGuard.Web\Pages\Parent\LinkChild.razor", "Razor", 0, 0, 0, -237, 0, 0, 0, -36, -273
"c:\Users\jarrh\source\repos\SugarGuard.Junior\SugarGuard.Web\Pages\Parent\Links.razor", "Razor", 0, 0, 0, -1155, 0, 0, 0, -153, -1308
"c:\Users\jarrh\source\repos\SugarGuard.Junior\SugarGuard.Web\Pages\Parent\SyncConflicts.razor", "Razor", 0, 0, 0, -529, 0, 0, -6, -46, -581
"c:\Users\jarrh\source\repos\SugarGuard.Junior\SugarGuard.Web\Pages\Parent\SyncConflicts.razor.css", "CSS", 0, 0, 0, 0, -410, 0, 0, -73, -483
"c:\Users\jarrh\source\repos\SugarGuard.Junior\SugarGuard.Web\Pages\Parent\Timeline.razor", "Razor", 0, 0, 0, -957, 0, 0, -11, -120, -1088
"c:\Users\jarrh\source\repos\SugarGuard.Junior\SugarGuard.Web\Pages\Parent\Timeline.razor.css", "CSS", 0, 0, 0, 0, -773, 0, -20, -156, -949
"c:\Users\jarrh\source\repos\SugarGuard.Junior\SugarGuard.Web\Program.cs", "C#", 0, 0, -118, 0, 0, 0, -60, -42, -220
"c:\Users\jarrh\source\repos\SugarGuard.Junior\SugarGuard.Web\Properties\launchSettings.json", "JSON", 0, -23, 0, 0, 0, 0, 0, -1, -24
"c:\Users\jarrh\source\repos\SugarGuard.Junior\SugarGuard.Web\Resources\Strings.cs", "C#", 0, 0, -2, 0, 0, 0, 0, -2, -4
"c:\Users\jarrh\source\repos\SugarGuard.Junior\SugarGuard.Web\Security\PassThroughAuthenticationHandler.cs", "C#", 0, 0, -40, 0, 0, 0, 0, -10, -50
"c:\Users\jarrh\source\repos\SugarGuard.Junior\SugarGuard.Web\Services\AdminLinkDtos.cs", "C#", 0, 0, -13, 0, 0, 0, -6, -7, -26
"c:\Users\jarrh\source\repos\SugarGuard.Junior\SugarGuard.Web\Services\ApiErrorResponse.cs", "C#", 0, 0, -7, 0, 0, 0, -3, -2, -12
"c:\Users\jarrh\source\repos\SugarGuard.Junior\SugarGuard.Web\Services\AuthApiClient.cs", "C#", 0, 0, -470, 0, 0, 0, -43, -70, -583
"c:\Users\jarrh\source\repos\SugarGuard.Junior\SugarGuard.Web\Services\CurrentUserService.cs", "C#", 0, 0, -144, 0, 0, 0, -24, -38, -206
"c:\Users\jarrh\source\repos\SugarGuard.Junior\SugarGuard.Web\Services\IAuthApiClient.cs", "C#", 0, 0, -38, 0, 0, 0, -51, -18, -107
"c:\Users\jarrh\source\repos\SugarGuard.Junior\SugarGuard.Web\Services\ICurrentUserService.cs", "C#", 0, 0, -22, 0, 0, 0, -6, -14, -42
"c:\Users\jarrh\source\repos\SugarGuard.Junior\SugarGuard.Web\Services\ITokenStore.cs", "C#", 0, 0, -10, 0, 0, 0, 0, -6, -16
"c:\Users\jarrh\source\repos\SugarGuard.Junior\SugarGuard.Web\Services\JwtAuthStateProvider.cs", "C#", 0, 0, -274, 0, 0, 0, -48, -44, -366
"c:\Users\jarrh\source\repos\SugarGuard.Junior\SugarGuard.Web\Services\JwtAuthorizationHandler.cs", "C#", 0, 0, -28, 0, 0, 0, 0, -7, -35
"c:\Users\jarrh\source\repos\SugarGuard.Junior\SugarGuard.Web\Services\LocalStorageTokenStore.cs", "C#", 0, 0, -78, 0, 0, 0, -9, -10, -97
"c:\Users\jarrh\source\repos\SugarGuard.Junior\SugarGuard.Web\Services\ResetPasswordResult.cs", "C#", 0, 0, -10, 0, 0, 0, -3, -5, -18
"c:\Users\jarrh\source\repos\SugarGuard.Junior\SugarGuard.Web\Services\SugarGuardApiService.Compat.cs", "C#", 0, 0, -42, 0, 0, 0, -6, -6, -54
"c:\Users\jarrh\source\repos\SugarGuard.Junior\SugarGuard.Web\Services\SugarGuardApiService.Models.cs", "C#", 0, 0, -274, 0, 0, 0, -57, -32, -363
"c:\Users\jarrh\source\repos\SugarGuard.Junior\SugarGuard.Web\Services\SugarGuardApiService.cs", "C#", 0, 0, -1693, 0, 0, 0, -272, -190, -2155
"c:\Users\jarrh\source\repos\SugarGuard.Junior\SugarGuard.Web\Shared\BackpackItemCard.razor", "Razor", 0, 0, 0, -678, 0, 0, 0, -106, -784
"c:\Users\jarrh\source\repos\SugarGuard.Junior\SugarGuard.Web\Shared\BannerKind.cs", "C#", 0, 0, -11, 0, 0, 0, -3, -8, -22
"c:\Users\jarrh\source\repos\SugarGuard.Junior\SugarGuard.Web\Shared\EmptyStateSize.cs", "C#", 0, 0, -7, 0, 0, 0, -3, -2, -12
"c:\Users\jarrh\source\repos\SugarGuard.Junior\SugarGuard.Web\Shared\EventTimeline.razor", "Razor", 0, 0, 0, -203, 0, 0, 0, -32, -235
"c:\Users\jarrh\source\repos\SugarGuard.Junior\SugarGuard.Web\Shared\SectionHeader.razor", "Razor", 0, 0, 0, -25, 0, 0, 0, -6, -31
"c:\Users\jarrh\source\repos\SugarGuard.Junior\SugarGuard.Web\Shared\StateBanner.razor", "Razor", 0, 0, 0, -262, 0, 0, 0, -40, -302
"c:\Users\jarrh\source\repos\SugarGuard.Junior\SugarGuard.Web\Shared\StateBanner.razor.css", "CSS", 0, 0, 0, 0, -219, 0, -20, -41, -280
"c:\Users\jarrh\source\repos\SugarGuard.Junior\SugarGuard.Web\SugarGuard.Web.csproj", "XML", -21, 0, 0, 0, 0, 0, 0, -7, -28
"c:\Users\jarrh\source\repos\SugarGuard.Junior\SugarGuard.Web\Utilities\SafeRedirect.cs", "C#", 0, 0, -24, 0, 0, 0, -13, -10, -47
"c:\Users\jarrh\source\repos\SugarGuard.Junior\SugarGuard.Web\ViewModels\AdminHealthVm.cs", "C#", 0, 0, -15, 0, 0, 0, -6, -4, -25
"c:\Users\jarrh\source\repos\SugarGuard.Junior\SugarGuard.Web\ViewModels\AdminSystemStatsVm.cs", "C#", 0, 0, -26, 0, 0, 0, -17, -12, -55
"c:\Users\jarrh\source\repos\SugarGuard.Junior\SugarGuard.Web\ViewModels\AdminUserVm.cs", "C#", 0, 0, -20, 0, 0, 0, -4, -4, -28
"c:\Users\jarrh\source\repos\SugarGuard.Junior\SugarGuard.Web\ViewModels\AnalyticsVm.cs", "C#", 0, 0, -10, 0, 0, 0, -18, -7, -35
"c:\Users\jarrh\source\repos\SugarGuard.Junior\SugarGuard.Web\ViewModels\AuditLogVm.cs", "C#", 0, 0, -11, 0, 0, 0, -24, -8, -43
"c:\Users\jarrh\source\repos\SugarGuard.Junior\SugarGuard.Web\ViewModels\BackpackItemVm.cs", "C#", 0, 0, -10, 0, 0, 0, -40, -8, -58
"c:\Users\jarrh\source\repos\SugarGuard.Junior\SugarGuard.Web\ViewModels\DoctorCohortSummaryVm.cs", "C#", 0, 0, -7, 0, 0, 0, -2, -2, -11
"c:\Users\jarrh\source\repos\SugarGuard.Junior\SugarGuard.Web\ViewModels\DoctorNoteVm.cs", "C#", 0, 0, -13, 0, 0, 0, -2, -2, -17
"c:\Users\jarrh\source\repos\SugarGuard.Junior\SugarGuard.Web\ViewModels\InviteCodeVm.cs", "C#", 0, 0, -13, 0, 0, 0, -5, -3, -21
"c:\Users\jarrh\source\repos\SugarGuard.Junior\SugarGuard.Web\ViewModels\LinkedAccessUserVm.cs", "C#", 0, 0, -15, 0, 0, 0, -10, -4, -29
"c:\Users\jarrh\source\repos\SugarGuard.Junior\SugarGuard.Web\ViewModels\MeasurementVm.cs", "C#", 0, 0, -14, 0, 0, 0, -5, -2, -21
"c:\Users\jarrh\source\repos\SugarGuard.Junior\SugarGuard.Web\ViewModels\ParentDashboardVm.cs", "C#", 0, 0, -15, 0, 0, 0, -28, -9, -52
"c:\Users\jarrh\source\repos\SugarGuard.Junior\SugarGuard.Web\ViewModels\PatientListVm.cs", "C#", 0, 0, -11, 0, 0, 0, -21, -8, -40
"c:\Users\jarrh\source\repos\SugarGuard.Junior\SugarGuard.Web\ViewModels\SyncConflictVm.cs", "C#", 0, 0, -11, 0, 0, 0, -24, -8, -43
"c:\Users\jarrh\source\repos\SugarGuard.Junior\SugarGuard.Web\ViewModels\SyncLogVm.cs", "C#", 0, 0, -12, 0, 0, 0, -1, -2, -15
"c:\Users\jarrh\source\repos\SugarGuard.Junior\SugarGuard.Web\ViewModels\SystemStatsVm.cs", "C#", 0, 0, -13, 0, 0, 0, -7, -3, -23
"c:\Users\jarrh\source\repos\SugarGuard.Junior\SugarGuard.Web\ViewModels\TimelineItemVm.cs", "C#", 0, 0, -15, 0, 0, 0, -36, -11, -62
"c:\Users\jarrh\source\repos\SugarGuard.Junior\SugarGuard.Web\ViewModels\UserNotificationItem.cs", "C#", 0, 0, -14, 0, 0, 0, 0, -3, -17
"c:\Users\jarrh\source\repos\SugarGuard.Junior\SugarGuard.Web\ViewModels\UserPreferencesVm.cs", "C#", 0, 0, -7, 0, 0, 0, 0, -2, -9
"c:\Users\jarrh\source\repos\SugarGuard.Junior\SugarGuard.Web\_Imports.razor", "Razor", 0, 0, 0, -18, 0, 0, 0, -1, -19
"c:\Users\jarrh\source\repos\SugarGuard.Junior\SugarGuard.Web\wwwroot\css\add-note-modal.css", "CSS", 0, 0, 0, 0, -365, 0, -40, -70, -475
"c:\Users\jarrh\source\repos\SugarGuard.Junior\SugarGuard.Web\wwwroot\css\admin-dashboard.css", "CSS", 0, 0, 0, 0, -499, 0, -60, -107, -666
"c:\Users\jarrh\source\repos\SugarGuard.Junior\SugarGuard.Web\wwwroot\css\app.css", "CSS", 0, 0, 0, 0, -931, 0, -97, -176, -1204
"c:\Users\jarrh\source\repos\SugarGuard.Junior\SugarGuard.Web\wwwroot\css\base.css", "CSS", 0, 0, 0, 0, -1164, 0, -242, -294, -1700
"c:\Users\jarrh\source\repos\SugarGuard.Junior\SugarGuard.Web\wwwroot\css\components.css", "CSS", 0, 0, 0, 0, -1188, 0, -111, -254, -1553
"c:\Users\jarrh\source\repos\SugarGuard.Junior\SugarGuard.Web\wwwroot\css\layout.css", "CSS", 0, 0, 0, 0, -987, 0, -89, -186, -1262
"c:\Users\jarrh\source\repos\SugarGuard.Junior\SugarGuard.Web\wwwroot\css\patient-row.css", "CSS", 0, 0, 0, 0, -228, 0, -27, -53, -308
"c:\Users\jarrh\source\repos\SugarGuard.Junior\SugarGuard.Web\wwwroot\css\sg-tokens.css", "CSS", 0, 0, 0, 0, -161, 0, -258, -30, -449
"c:\Users\jarrh\source\repos\SugarGuard.Junior\SugarGuard.Web\wwwroot\css\variables.css", "CSS", 0, 0, 0, 0, -236, 0, -141, -27, -404
"c:\Users\jarrh\source\repos\SugarGuard.Junior\SugarGuard.Web\wwwroot\js\glucose-chart.js", "JavaScript", 0, 0, 0, 0, 0, -757, -334, -108, -1199
"c:\Users\jarrh\source\repos\SugarGuard.Junior\SugarGuard.Web\wwwroot\js\interop.js", "JavaScript", 0, 0, 0, 0, 0, -24, -13, -6, -43
"c:\Users\jarrh\source\repos\SugarGuard.Junior\SugarGuard.Web\wwwroot\js\service-worker.js", "JavaScript", 0, 0, 0, 0, 0, -36, -2, -9, -47
"c:\Users\jarrh\source\repos\SugarGuard.Junior\SugarGuard.Web\wwwroot\js\theme.js", "JavaScript", 0, 0, 0, 0, 0, -97, -39, -26, -162
"c:\Users\jarrh\source\repos\SugarGuard.Junior\SugarGuard.Web\wwwroot\js\tokenStore.js", "JavaScript", 0, 0, 0, 0, 0, -32, -3, -2, -37
"c:\Users\jarrh\source\repos\SugarGuard.Junior\SugarGuard.Web\wwwroot\lib\bootstrap\dist\css\bootstrap-grid.css", "CSS", 0, 0, 0, 0, -3886, 0, -6, -193, -4085
"c:\Users\jarrh\source\repos\SugarGuard.Junior\SugarGuard.Web\wwwroot\lib\bootstrap\dist\css\bootstrap-grid.min.css", "CSS", 0, 0, 0, 0, -1, 0, -5, 0, -6
"c:\Users\jarrh\source\repos\SugarGuard.Junior\SugarGuard.Web\wwwroot\lib\bootstrap\dist\css\bootstrap-grid.rtl.css", "CSS", 0, 0, 0, 0, -3886, 0, -6, -192, -4084
"c:\Users\jarrh\source\repos\SugarGuard.Junior\SugarGuard.Web\wwwroot\lib\bootstrap\dist\css\bootstrap-grid.rtl.min.css", "CSS", 0, 0, 0, 0, -1, 0, -5, 0, -6
"c:\Users\jarrh\source\repos\SugarGuard.Junior\SugarGuard.Web\wwwroot\lib\bootstrap\dist\css\bootstrap-reboot.css", "CSS", 0, 0, 0, 0, -518, 0, -14, -65, -597
"c:\Users\jarrh\source\repos\SugarGuard.Junior\SugarGuard.Web\wwwroot\lib\bootstrap\dist\css\bootstrap-reboot.min.css", "CSS", 0, 0, 0, 0, -1, 0, -5, 0, -6
"c:\Users\jarrh\source\repos\SugarGuard.Junior\SugarGuard.Web\wwwroot\lib\bootstrap\dist\css\bootstrap-reboot.rtl.css", "CSS", 0, 0, 0, 0, -524, 0, -6, -64, -594
"c:\Users\jarrh\source\repos\SugarGuard.Junior\SugarGuard.Web\wwwroot\lib\bootstrap\dist\css\bootstrap-reboot.rtl.min.css", "CSS", 0, 0, 0, 0, -1, 0, -5, 0, -6
"c:\Users\jarrh\source\repos\SugarGuard.Junior\SugarGuard.Web\wwwroot\lib\bootstrap\dist\css\bootstrap-utilities.css", "CSS", 0, 0, 0, 0, -4891, 0, -8, -503, -5402
"c:\Users\jarrh\source\repos\SugarGuard.Junior\SugarGuard.Web\wwwroot\lib\bootstrap\dist\css\bootstrap-utilities.min.css", "CSS", 0, 0, 0, 0, -1, 0, -5, 0, -6
"c:\Users\jarrh\source\repos\SugarGuard.Junior\SugarGuard.Web\wwwroot\lib\bootstrap\dist\css\bootstrap-utilities.rtl.css", "CSS", 0, 0, 0, 0, -4887, 0, -6, -500, -5393
"c:\Users\jarrh\source\repos\SugarGuard.Junior\SugarGuard.Web\wwwroot\lib\bootstrap\dist\css\bootstrap-utilities.rtl.min.css", "CSS", 0, 0, 0, 0, -1, 0, -5, 0, -6
"c:\Users\jarrh\source\repos\SugarGuard.Junior\SugarGuard.Web\wwwroot\lib\bootstrap\dist\css\bootstrap.css", "CSS", 0, 0, 0, 0, -11136, 0, -24, -897, -12057
"c:\Users\jarrh\source\repos\SugarGuard.Junior\SugarGuard.Web\wwwroot\lib\bootstrap\dist\css\bootstrap.min.css", "CSS", 0, 0, 0, 0, -2, 0, -4, 0, -6
"c:\Users\jarrh\source\repos\SugarGuard.Junior\SugarGuard.Web\wwwroot\lib\bootstrap\dist\css\bootstrap.rtl.css", "CSS", 0, 0, 0, 0, -11138, 0, -6, -886, -12030
"c:\Users\jarrh\source\repos\SugarGuard.Junior\SugarGuard.Web\wwwroot\lib\bootstrap\dist\css\bootstrap.rtl.min.css", "CSS", 0, 0, 0, 0, -2, 0, -4, 0, -6
"c:\Users\jarrh\source\repos\SugarGuard.Junior\SugarGuard.Web\wwwroot\lib\bootstrap\dist\js\bootstrap.bundle.js", "JavaScript", 0, 0, 0, 0, 0, -5064, -655, -596, -6315
"c:\Users\jarrh\source\repos\SugarGuard.Junior\SugarGuard.Web\wwwroot\lib\bootstrap\dist\js\bootstrap.bundle.min.js", "JavaScript", 0, 0, 0, 0, 0, -1, -6, 0, -7
"c:\Users\jarrh\source\repos\SugarGuard.Junior\SugarGuard.Web\wwwroot\lib\bootstrap\dist\js\bootstrap.esm.js", "JavaScript", 0, 0, 0, 0, 0, -3568, -578, -302, -4448
"c:\Users\jarrh\source\repos\SugarGuard.Junior\SugarGuard.Web\wwwroot\lib\bootstrap\dist\js\bootstrap.esm.min.js", "JavaScript", 0, 0, 0, 0, 0, -1, -6, 0, -7
"c:\Users\jarrh\source\repos\SugarGuard.Junior\SugarGuard.Web\wwwroot\lib\bootstrap\dist\js\bootstrap.js", "JavaScript", 0, 0, 0, 0, 0, -3604, -584, -307, -4495
"c:\Users\jarrh\source\repos\SugarGuard.Junior\SugarGuard.Web\wwwroot\lib\bootstrap\dist\js\bootstrap.min.js", "JavaScript", 0, 0, 0, 0, 0, -1, -6, 0, -7
"Total", "-", 5857, -15, 15030, -34504, -52909, -13185, 1724, -7657, -85659